町田,琉球,琉球,山口,琉球,大分,琉球,横浜FC,琉球,琉球,仙台,琉球,琉球,秋田,熊本,琉球,琉球,大宮,琉球,山形,琉球,岡山,琉球,東京Ｖ,岩手,琉球,琉球,徳島,琉球,甲府,長崎,琉球,水戸,琉球,新潟
琉球,千葉,岩手,琉球,水戸,琉球,東京Ｖ,琉球,岡山,群馬,琉球,金沢,新潟,琉球,琉球,栃木,甲府,琉球,徳島,琉球,長崎,琉球,町田,琉球,琉球,仙台,大宮,琉球,熊本,琉球,琉球,山形,琉球,秋田,琉球
0,1,1,2,1,4,2,3,3,0,2,1,1,2,0,1,1,1,3,4,1,1,0,2,0,1,1,0,2,5,2,2,0,0,3
0,2,2,3,2,1,5,1,3,1,0,1,1,1,2,0,1,0,3,0,2,0,1,1,1,1,1,0,0,2,3,2,0,1,0
1,0,0,3,0,0,0,0,1,0,0,1,1,0,3,3,1,0,1,0,0,0,0,0,3,1,1,1,3,0,3,1,1,0,0
"ランコ ポポヴィッチ監督体制発足とともに、策定された『３カ年計画』も今季がラストイヤー。クラブハウスも完成し、Ｊ１仕様のインフラが整った町田にとって、2022シーズンは勝負の年――。「あとはピッチ上で結果を残し、Ｊ１へ行くだけ」（中島 裕希）だ。

開幕戦の相手は琉球。昨季の琉球はスタートダッシュに成功し、開幕から無敗街道を突き進んでいたが、明治安田Ｊ２第９節で町田に初黒星をつけられた。特に琉球にとって、町田は因縁の相手だ。琉球は2019年にＪ２に昇格して以降、町田戦は６試合未勝利と相性が良くない。ボール保持を志向している琉球と、ボール奪取からのカウンターで力を発揮する町田。そうしたチームカラーのかみ合わせが、過去の戦績に表れていると言っていい。

ただし、ランコ ポポヴィッチ監督体制３年目の町田は、ボール保持から遅攻を仕掛ける展開に自信を持ちつつある。ホームゲームであることを踏まえても、町田が多くの時間帯でボールを掌握し、琉球を押し込む展開で試合が推移する可能性もある。もちろん、開幕戦特有の堅い展開になることも想定される。琉球がボールを掌握し、町田がボール奪取からのカウンターを狙う。そうした昨季までのありがちな試合展開では収まらないかもしれない。

昨季の主力選手が残留し、「チームの成熟度が深まっている」（平戸 太貴）という町田。対する琉球は風間兄弟や知念 哲矢ら、主力選手が移籍し、チームをある程度作り変える必要性に迫られた。成熟の町田か。フレッシュな琉球か。果たして、開幕白星スタートを切るチームは？

［ 文：郡司 聡 ］","“喜名琉球”２年目の船出となった前節の町田戦は、スコアレスドロー。球際の強さと切り替えの速さを追求した守備は、アグレッシブな町田の動きを封じ、「ゼロに抑えたことは評価できる」と喜名 哲裕監督は一定の評価を示した。その一方で攻撃は無得点に終わり、「自分から仕掛ける姿勢を見せてほしいというところ。そのあたりのアクションが少なかった」と指揮官はシュートにつなげる仕掛けを選手たちに求めた。ホーム開幕戦を迎える今節、難敵・千葉を相手に今季初勝利を手にすることができるか。ハツラツとプレーする姿を待ち望む琉球サポーターの存在も大きな力となるはずだ。

対する千葉も負けられない。尹 晶煥監督体制３年目を迎え、Ｊ１昇格に向けて勝負の年。しかし前節は昇格組の岩手に０－１で敗れ、苦杯をなめた。「誰一人として悪い動きをしていたわけではないが、この結果をみんなで考えることが大事」（尹 晶煥監督）。今節迎えるアウェイ戦ではどん欲に結果を求め、勝点３を奪いにかかる。

両者にとって大事な一戦。その注目点の１つとしては昨季まで琉球の中心選手として活躍し、今季千葉へ移籍した風間 宏矢との初の直接対決が挙げられるだろう。かつての味方の動きを封じたい琉球と、タピック県総ひやごんスタジアムで印象深いゴールを決めてきた風間の対決は勝負を決する重要なポイントになるかもしれない。

これまでのリーグ戦対戦成績は４勝１分１敗で千葉が大きく勝ち越している。しかし、昨季は琉球が１勝１分と鬼門を破っている。意地がぶつかり合う一戦はタピック県総ひやごんスタジアムで火ぶたが切られる。

［ 文：仲本 兼進 ］","琉球と岩手が対戦するのは４年ぶり。Ｊ３時代を切磋琢磨した両雄が初めてＪ２の舞台で相まみえる。

前節を振り返ると、両者とも今季初黒星を喫する結果となった。ホームに千葉を迎えた琉球は前半にセットプレーで失点し、「ゲームを難しくしてしまった」（喜名 哲裕監督）ことが最後まで尾を引いた。後半、途中出場の中野 克哉がCKのこぼれ球を「感覚で狙った」対角線上のシュートで１点差に詰め寄るも、１－２で勝点を手にできなかった。「もっとトライしてほしい」という指揮官の声に応えることができるか。

対する岩手は前節、町田と対戦。前半終了間際にPKで失点し、「これが後々響いた」と秋田 豊監督。その後スコアは動かず、２試合連続の勝点奪取とはならなかった。

琉球も岩手も前節は先制点の重要性を痛感した。先に得点を奪うことで試合を優位に進めたい思惑が両者にあるとなれば、序盤からゴールを狙う意地と意地のぶつかり合いが繰り広げられるだろう。

琉球の中野 克哉が「お世話になった」と話す岩手の牟田 雄祐は京都時代のチームメート。また琉球の岡﨑 亮平が「とにかく足が速かった」と話す岩手の宮市 剛は湘南時代、ともに汗を流した。

そして「彼は絶対気合いが入ってるはず」と喜名監督が名指しした岩手の小松 駿太は2018年、琉球のＪ３優勝とＪ２昇格の立役者となった１人。タピック県総ひやごんスタジアムで的確なボール捌きを見せることができるか。はたまた琉球がそこをつぶして鋭い攻撃を見せることができるか。注目点がめじろ押しの一戦となりそうだ。

［ 文：仲本 兼進 ］","昨季途中から就任した名塚 善寛監督が今季も指揮を執る山口。琉球の喜名 哲裕監督も同様に昨季途中から継続して指揮を執っている。同じような歩みで今季のＪ２を戦う両者だが、現状はやや異なる。山口は開幕から１勝２分の負けなしで上々の滑り出しを見せたが、琉球は１分２敗とスタートでつまずいている。

ホームの山口は前節、新潟と対戦。互いに激しくプレスを掛け合う中で後半の立ち上がりに大槻 周平の今季初ゴールで先制したが、終盤に追いつかれて１－１の引き分けに終わった。名塚監督は「非常に悔しい引き分けだった」と話したが、新潟のプレスをはがすビルドアップを何度も見せることもできた。今節もそのビルドアップを見せられるか注目したい。

一方の琉球は前節、ホームで岩手と対戦し、４分に中野 克哉のゴールで幸先よく先制しながらも、後半に２点を奪われて逆転負けを喫した。喜名監督は「絶対に許されないホーム連敗を喫した責任は自分にある。次に向けてしっかりまた良い準備をしたい」と話したが、リバウンドメンタリティーを発揮できるかどうかに注目だ。

両者ともにサイド攻撃を狙いにしている。山口は左サイドの沼田 駿也と橋本 健人の大卒ルーキーコンビが好連係を見せており、右サイドの吉岡 雅和も好調だ。琉球は新加入の中野、大本 祐槻が担う両サイドが攻撃の起点になっている。この試合の見どころはサイドの攻防になりそうだ。

［ 文：田辺 久豊 ］","前節の山口戦で今季初白星を飾った琉球。今節はホーム初勝利を目指し水戸を迎える。

「選手も徐々に戻ってきたことは大きい」と話すのは琉球・喜名 哲裕監督。新型コロナウイルス感染症の影響で開幕前のトレーニングマッチをうまく積めなかったことから試合勘が懸念され、開幕してからもコンディション調整を余儀なくされるなど、選手数で苦しいやり繰りを強いられた。しかし、試合毎に経験値を積み上げながらチームの方向性を共有。山口戦で決勝点を奪った野田 隆之介が「練習どおりだった」と話した３点目は、敵陣での富所 悠のボール奪取からショートカウンターにつなげるというチームが目指してきた姿勢を顕著に現した場面だった。

その一方で、前後半の序盤から相手の流れを削ぐことができないまま失点を喫するという反省点は残ったまま。ボールを保持する時間帯を増やし主導権を握れるか、課題克服に臨む。

対する水戸は前節、横浜FCと対戦。序盤に２点をリードしたが３失点を喫し、待望の初勝利とはならなかった。秋葉 忠宏監督３年目の水戸は、積極果敢なハイプレスと一気呵成のショートカウンターに磨きがかかる。開幕からの４試合で三度先行する場面を見いだしているだけに、先手必勝のプランで勝利につなげたいところだ。

昨季の両者の対戦成績は１勝１敗と五分。似たスタイル同士による直接対決は、最後までアグレッシブで見ごたえ十分な試合が展望される。

［ 文：仲本 兼進 ］","３月23日、昭和電工ドーム大分では明治安田Ｊ２第６節・大分対琉球が開催される。両者の対戦は2016年のＪ３以来、６年ぶりの再会だ。

ＪリーグYBCルヴァンカップを含め、公式戦11連戦中の大分はこれが８戦目。負傷者続出の中で戦力をやり繰りしながら戦っているが、徐々に疲労も蓄積し、ここまで未勝利と戦績は厳しい。前節の山口戦は、守備の課題対策と相手の攻撃力削減の狙いで、それまでの［４－３－３］から［４－２－３－１］へとフォーメーションを変えて戦った。プランどおり62分に先制したものの、３分後にセットプレーから失点して１－１で終了。初勝利はまたもお預けとなった。

気がかりなのは疲労の色濃い選手たちのコンディションだ。今節、ホームに迎える琉球もインテンシティーが高く、ハードワークできるチーム。なかなか結果の出ない現状、メンタル的にも重くなりがちな状況を、下平 隆宏監督以下、スタッフや選手たちがどう乗り越えていくのか見届けたい。

琉球は前節、ホームで水戸と戦い１－２で敗戦。相手に今季初勝利を献上した。アウェイの前々節・山口戦で競り合いの末に３－２で勝利した流れを継続できず、ホームでは未勝利のまま。それでも、ビハインドの苦しい時間帯を粘り強く戦い、ショートカウンターで仕留めて一度は同点に追いつく気概も見せた。チーム状態の思わしくない大分から今季２勝目を挙げておきたいところだ。

現在は勝点３で21位の大分と、勝点４で20位の琉球。１試合でも早く波に乗りたいチーム同士が、意地を懸けて激突する。

［ 文：ひぐらし ひなつ ］","ここまで１勝１分４敗とし、現在２連敗中と逆風下に立つ琉球は今節、ホームで東京Ｖと相対する。

前節、アウェイで大分と戦った琉球。清武 功暉が直接FKを決めたものの波に乗れず、終わってみれば１－４の完敗を喫した。開幕からの６戦で先制点を奪われたのは４試合あり、なおかつ開幕節の町田戦（０△０）を除けば、得点は奪うことができても複数失点で勝点を失うケースが続いている。ビハインドをひっくり返す抜きん出た攻撃力を披露できていないだけに、試合を有利に運ぶためにも先制点を奪う意味合いは大きい。相手の重圧に屈せず、ディフェンスラインを高く保ちながら、敵陣でボールを保持する時間帯を長く作り出したいところだ。

対して、前節はアウェイでの山形戦に臨んだ東京Ｖは、１点ビハインドで迎えた後半アディショナルタイムに谷口 栄斗がネットを揺らして３－３とし、執念の勝点１をもぎ取っている。U-21日本代表に招集されている山本 理仁と馬場 晴也を欠く中でも、一丸となって戦えている姿勢が強みとなっている東京Ｖは、中３日で迎える連続アウェイ戦でも１枚岩となって果敢に向かってくるだろう。

琉球には富所 悠をはじめ、阿部 拓馬、李 栄直、福村 貴幸と東京Ｖでプレーした選手が数多く在籍している。その中でもここまで全試合先発中で、昨季まで東京Ｖでプレーしていた福村は「知っているメンバーも多いし、やっているサッカーもよく知っている。良いところを消していきたい」と初の古巣戦を前に意気込む。

今季ホーム初勝利を目指す琉球と、無敗を維持して上位戦線に食らいつきたい東京Ｖ。意地と意地とのぶつかり合いが平日夜のタピック県総ひやごんスタジアムで繰り広げられる。

［ 文：仲本 兼進 ］","横浜FCの前節は試合前日に３名、当日朝に１名の新型コロナウイルス感染症の陽性判定者を発表。折しも中３日での連戦に、山形のハイテンポな攻撃に苦しみながらも小川 航基の２ゴールでリードを奪い、反撃を１点に抑えて勝利した。開幕から４連勝し、第５節の引き分けを挟んで再びの連勝。メンバー変更を余儀なくされながら、誰が出ても同じサッカーができるクオリティーと勢いがいまのチームにはある。

今節も中３日で迎えるが、前節に続いてホームで戦えることはアドバンテージになる。６ゴールで得点ランキング単独トップに立った小川をはじめ攻撃陣が好調なのに加えて、前節、加入後初出場を果たした和田 拓也、今季初めてベンチ入りしたガブリエウら負傷で出遅れていた守備陣が復帰してきたことも心強い。しっかりとコンディションを調整し、３連勝で連戦を終えて首位をキープしたいところだ。

アウェイの琉球は前節、東京Ｖに２－５と大敗した。前半の半ばで２点のリードを奪うも、前半終了間際に失点すると、後半に守備が崩れて４失点を重ねた。順位も21位と降格圏に沈んだままで、「下を向かず全員で乗り切ってしっかりトライしたい」と、喜名 哲裕監督は立て直しを誓った。

しかし、前節に先制のゴラッソと追加点のアシストを決め、総得点９のうち４ゴールに絡んでいる草野 侑己が、横浜FCから期限付き移籍中で契約により今節は出場できない。昨季６ゴールの阿部 拓馬も前々節の大分戦で足を痛め、出場は難しそうだ。ただ、残ったFWの野田 隆之介と上原 慎也はともに長身。特に上原は空中戦に強く、ロングボールを集められると、守備陣に高さの足りない横浜FCにとっては苦しい戦いを強いられるかもしれない。

上位と下位の対決、しかも琉球にとって不利な条件もあるが、残った手札は悪くない。緊張感のある戦いになりそうだ。

［ 文：芥川 和久 ］","４連敗中と苦しい時期が続く琉球。今節、ホーム初勝利を懸けて岡山を迎え入れる。

前節は敵地で横浜FCと対戦した琉球だが、連係ミスから開始５分で先制点を奪われると、その後も立て直せずに失点を重ね、前半の20分間で３失点を喫した。しかし、ゴールを奪い返さなければいけないという気持ちが良い方向へ吹っ切れた。26分に金井 貢史が１点を返したあたりから受け身にならず、球際に激しく向かう姿勢や、味方同士の距離感を縮めて細かいパスワークから相手のプレスをはがす場面もあり、追求するサッカースタイルを演じることができた。これを試合開始からできるか。攻守ともにアグレッシブな姿勢を演じ切り、反撃ののろしを上げたい。

何より今月の残り５試合中４試合がホームで行われる。「選手みんな、今まで１試合もホームで勝てていないので、サポーターに申し訳ない気持ちでいっぱい」と話すのは富所 悠。琉球サポーターが数多く集まるタピック県総ひやごんスタジアムで勝ちたい気持ちを前面に押し出せるか。

岡山は先週、アウェイで山形と対戦。１－０で勝利を収めたものの、明らかな競技規則の適用ミスが発覚し、後日再試合となることが決定した。一度は手にした勝利を覆され、気持ちを整理することは簡単ではない。しかし今回の決定を真摯に受け止め、チームは目の前の試合に集中しなければならない。この経験を糧にして、琉球戦で明治安田Ｊ２第３節・栃木戦以来の勝利を手にしたいところだ。

昨季の対戦成績は、岡山の１勝１分。琉球が勝利したのは2020シーズンまでさかのぼるが、このときの琉球は開幕から８戦勝利なしという状況で、初勝利を飾ったのがＪ２第９節の岡山戦だった。再び第９節となるタイミングで迎える一戦。琉球にとってターニングポイントとなるのか、果たして。

［ 文：仲本 兼進 ］","前節・岡山戦で引き分け、５連敗をまぬがれた琉球。今節は２連勝中の群馬をホームに迎え入れる。

３－３の打ち合いを演じた前節の琉球だが、上里 一将の直接FKで先制したあとに中野 克哉が追加点を挙げるところまでは良かった。しかし、前半終了間際に失点する良くないクセが後半で苦しむ原因となり、勢いづく相手の猛攻を遮れず、一時は逆転を許した。なんとか池田 廉のゴールで勝点を拾ったものの、流れを二転三転させたゲームプランニングは攻守のおぼろげな姿勢が招いたものである。攻めるのか守るのか、その意思統一をハッキリさせること。そして、新チームになってから求め続けてきた球際の強さを表現し、ボールを奪い切る姿勢を明確に示すことが必要である。

前節フル出場を果たし、池田のゴールをアシストした田中 恵太は「とにかく勝ちたいし、自分が流れを変えたい」という思いが90分間尽きることのないパワーへと変わり、得点に結びつけた。そのどん欲さも勝利へのスパイスになるだろう。いまだ勝利のないホーム戦で、今度こそ巻き返しのきっかけとなる一戦にしたいところだ。

一方の群馬は前節・岩手戦、終了間際に平松 宗の劇的ゴールで勝利を収めた。今季初の連勝を飾り、勝利の余韻が残る中で沖縄でのアウェイ戦に臨む。移動距離を考えるとタフな戦いになることは想像できるが、大崩れしない守備ブロックを粘り強く維持し、選手交代を巧みに使って最後まで走り切る姿を堅持したい。何より攻撃のタクトを振るボランチの風間 宏希は昨季まで琉球でプレーしており、古巣の特徴をよく知る選手である。スキを狙い、アタッキングサードで力を注ぐシーンを生み出して主導権を握りたい。

昨季の対戦は互いに１勝ずつ。今季の10試合目で流れを変えたい琉球と、維持したい群馬のぶつかり合いがタピック県総ひやごんスタジアムで繰り広げられる。

［ 文：仲本 兼進 ］","仙台と琉球。前節の敗戦から仕切り直しとなる両チームが、攻撃的なスタイルをぶつけ合う。

琉球は昨季途中から指揮を執る喜名 哲裕監督の下、相手陣内でコンパクトな布陣を作る攻撃的スタイルを構築中。ツボにハマったときの攻撃力は高く、前々節は岡山を相手に点の取り合いを演じ、試合終了間際に池田 廉のゴールで３－３に追いついた。システムを微調整しながら改善する中で、前節の群馬戦では［３－４－２－１］の新布陣を採用。今節はどのような形で攻撃力を生かすか注目したい。

仙台は前節、横浜FCとの上位直接対決に敗れて３連勝を逃しており、ホームに戻る今節で再び連勝へのスタートを図る。昨季終盤に就任した原崎 政人監督は、人数をかけた攻撃で相手を崩す形を仕込み、リーグ戦を戦う。序盤戦は無得点試合も多く、またけがなどで離脱者が出る苦しい状況も経験しているが、４月になって攻撃の連係が改善され、決定機が増えた。前節に氣田 亮真が２試合連続ゴールとなる今季３点目を決めるなど、代わる代わる好調な選手が登場している。

両チームの対戦でポイントの１つとなるのが、中盤の構成だ。琉球は左足からの展開力が高いボランチ・上里 一将に加え、キープとパスを的確に使い分ける清武 功暉や、決定機に直結するパスを通せる富所 悠のように技術の高い選手が中盤にそろう。一方の仙台は４月の加入ながらボランチで鋭いパスを繰り出す中島 元彦や、ドリブラーの名倉 巧や氣田、下支え役のフォギーニョといった個性がかみ合ってボールを保持し、テンポの良い連係から相手を崩す。こうした中盤を核としたボールの動かし方も、このゲームを楽しむ一要素となる。

［ 文：板垣 晴朗 ］","現在２連敗中で、今季いまだ１勝と苦しい戦いが続く琉球。５連戦の２試合目となる今節は、ホームで金沢と相対する 。

前節、アウェイで仙台と対戦した琉球は、３バックにしたことで課題としていた相手のサイド攻撃を受ける回数を減らすことができた。しかし、これまで敷いていた４バックと立ち位置が変わったことでパスのズレが目立ち、なかなか重心を前に置くことができずにここ２試合ノーゴールが続いている。そして、自陣でのパスミスを見逃さなかった仙台につけ入るスキを与える形で２失点しており、連係面の課題が明確となった。中３日で臨む金沢戦に向けて、タフなスケジュールではあるがしっかり修正して挑みたいところ。「自分が後ろでカバーすること以上に、もっと前に出て相手を背負いながら攻撃に関わる姿を見せたい」と、武沢 一翔は力強く前を向いてゴールを目指す。

そうはさせないと、虎視眈々と２連勝を狙う金沢。20日に行われた前節の大分戦は、ボールを支配される展開の中で２トップの杉浦 恭平と林 誠道が１点ずつ奪って揃い踏み。その後 １点差とされるも途中出場の平松 昇が突き放し、３－１で熱戦を制した。マンツーマンでタイトな守備を見せ、カウンターでシュートチャンスを生み出す積極性は金沢が徹底しているところ。蒸し暑い日が続いている沖縄で迎える今節だが、中６日で戦えるメリットを生かして勝点を奪い切りたい。

昨季は琉球が２戦２勝している。そのリベンジに燃えているであろう金沢に対し、今季ホーム戦で未勝利という状況を脱してサポーターに勝利のプレゼントを 届けたい琉球。意地のぶつかり合いがタピック県総ひやごんスタジアムで繰り広げられる。

［ 文：仲本 兼進 ］","前節・金沢戦では中野 克哉が奪ったPKを草野 侑己が決め、１－１のドローで終えた琉球。辛くも３試合ぶりの勝点をゲットした。ただ、今季初勝利を挙げた明治安田Ｊ２第４節・山口戦以降２分６敗と勝ちなしが続いており、最下位に沈んでいる。さらに、前節で勝利した21位・大宮との勝点差は『３』に開いてしまった。

リーグ最多となる27失点を喫し、勝つ難しさを感じる中、システムを３バックにしたことで守備力強化にはつながっている。しかし、これまで敷いてきた４バックとは異なる立ち位置によってパスワークに乱れが生じ、攻撃の課題が生まれている。毎試合トライ＆エラーを繰り返し、浮き出る課題の把握と修正を施しながらチーム力を上げようと奔走中だ。そういった中で好転に拍車をかけるには、勝利という特効薬が必要不可欠。特に沖縄での試合は地の利を生かし、支え続けるサポーターに喜びを与えてほしい。

５連戦の３試合目となる今節。琉球のホームに足を踏み入れるのは、３位の新潟だ。開幕前に新型コロナウイルス感染症の影響で一時活動休止を余儀なくされ、不安を抱えたままシーズンに入った。開幕から４試合未勝利が続いていたが、４月に入ってからは４勝１分と好調を維持している。先制される場面が目立つも慌てず修正できる術を持ち、第８節・熊本戦では元琉球の鈴木 孝司が後半アディショナルタイムに逆転弾を決めている。遅攻と速攻、そしてセットプレーを交えながら逆転勝ちにつなげられる力強さを持っている新潟。蒸し暑い日が続く沖縄での戦いだが、いかなるプランで立ち向かうのか。

琉球の守護神・田口 潤人、サイドアタッカーの大本 祐槻にとっては古巣対決であり、いつも以上に気合いを入れて臨むことだろう。勝利して浮上のきっかけをつかみたい琉球と、上位戦線に食らいつきたい新潟との一戦。タピック県総ひやごんスタジアムで熱戦の火ぶたが切られる。

［ 文：仲本 兼進 ］","秋田は前節、アウェイで仙台と対戦して１－３で敗れた。開始10分で先制を許すと、22分には青木 翔大が負傷交代。それでも守備を修正して巻き返し、27分には青木に代わってピッチに入った武 颯がセットプレーから同点弾を奪う。秋田は後半も押し込んでいくが決定力を欠き、仙台の高精度のプレーにより立て続けに失点した。

これで今季三度目の連敗を喫したが、ここ２試合の内容は決して悪くはない。前々節・岡山戦では引いた相手に対して主導権を握り、仙台戦ではパスをつないでくる相手に対してプレッシャーを掛けてボールを奪い、シュートを打った。敵陣には迫れており、あとはゴールを決め切るだけだ。連戦で練習時間が限られる中、チームはパス１本、シュート１本の精度を上げるために取り組んでいく。

琉球は前節、ホームで新潟と１－１で引き分けた。この試合では琉球のフォーメーションに変化があった。前々節までの３試合で採用していた［３－４－２－１］から［４－４－２］に戻すと、これが奏功。先制点を決めた草野 侑己が「距離感が良く、一人ひとりがワンタッチツータッチでテンポよくやれていた」と話すように、琉球らしいリズミカルなパスが通るようになる。結果としてはリードを守り切れなかったが、新潟に対して走力や球際の競り合いで闘い、勝点１をつかみ取ったことは収穫と言えるだろう。９試合未勝利で最下位に沈む現状から、５月で反転攻勢をかけていくために敵地に乗り込む。

試合の流れとしては、パスをつなぐ琉球に対して、秋田が粘り強く守ってカウンターに出る展開が予想される。ただ前節を見れば、琉球も球際の戦いを挑んでくると思われる。そこは秋田の強みでもあるが、どちらが上回るか。秋田は中２日、アウェイの琉球は中３日で迎える５連戦の４試合目。疲労も蓄積しているであろう状況で、浮上のきっかけをつかみたい両チームがソユースタジアムで激突する。

［ 文：竹内 松裕 ］","５連戦のラスト、前節で今季初の連勝を果たした熊本が琉球と対戦する。前々節・岩手戦に続き、前節・横浜FC戦も１点差のきわどいゲームだったが、最後まで落ちなかった運動量と、それに裏打ちされた“プレーを続ける”という意識が連勝につながった。最後の最後にCKから失点した岩手戦とは逆に、横浜FC戦では終盤の相手の攻撃をはね返し、後半アディショナルタイムに決勝点。２試合連続となるゴールを挙げた伊東 俊が「自分に一度ボールが出てこなくても、もう１回ボックス内に入っていけたことが得点につながった」と話しているように、どんな相手にも自分たちのサッカーをやり通すスタイルが定着してきた。開幕から無敗の首位を倒した勢いで、３連勝を狙う。

一方の琉球は前節の秋田戦に続いてのアウェイゲーム。短期間での長距離移動で肉体的な疲労もあると思われ、10試合勝利なしという現状を打破する意味でも、若干の選手変更の可能性はあるだろう。琉球は秋田戦、前々節・新潟戦で立ち上がりの早い時間に先制しており、草野 侑己も３戦連発中と好調。ゲームの入りは決して悪くなく、自分たちでボールを保持する時間帯と押し込む状況は作れている。今節は先手を取った上で優位な展開に持ち込み、11試合ぶりの勝利をつかみたい。

熊本には田辺 圭佑、琉球は喜名 哲裕監督以下、清武 功暉、上里 一将、岡﨑 亮平と、双方に相手チームに在籍した経験を持つ選手がおり、お互いの歴史を紐解けば、九州リーグ時代から競い合った関係。Ｊ２の舞台で、また新たな戦いの歴史が始まる。

［ 文：井芹 貴志 ］","前節、勝利を収めた琉球。今節はタピック県総ひやごんスタジアムに栃木を迎え入れ、今季ホーム初勝利を懸けた戦いに挑む。

琉球は前節、アウェイで熊本と対戦。前半のシュート数は熊本が８に対し、琉球は１と守勢に回ったものの、「ある程度熊本の攻撃を受ける時間が長くなることは想定していた」（大本 祐槻）と、アグレッシブな相手に対しても守備で慌てず、球際での強度を緩めなかったことで「フリーで打たせなかった」（喜名 哲裕監督）。シュートコースを限定して前半の失点をゼロに抑えられたことが、後半の草野 侑己と上原 慎也の連続ゴールにつながり、試合を優位に進める呼び水となった。そして最終盤にかけて守備で集中を切らさず、町田との開幕戦以来となるクリーンシートも達成。手ごたえをつかんだ状態で今節に挑む。

対する19位・栃木は前節、ホームで甲府と対戦。立ち上がりから持ち味である積極的なプレスで相手を抑え込み、主導権を握ると、山本 廉が前後半それぞれで決定機を生み出すも、ゴールには結びつかず。GK川田 修平の好守も光り無失点で切り抜け、最低限の勝点１を取ることはできたが、明治安田Ｊ２第７節・水戸戦を最後に勝利から遠のいている。「チームは数センチずつかもしれないが成長し、前進している」と話す時崎 悠監督。貫く信念を今節、沖縄の地で結実させたい。

現在最下位にあえぐ琉球だが、草野が４試合連続ゴール中と好調を維持。2020年のＪ２第９節～第12節にかけて阿部 拓馬が達成した連続得点のクラブ記録に並び、それを更新する５戦連発も視野に入れている。また、栃木の大卒ルーキー・大森 渚生と、琉球の19歳DF大森 理生による兄弟対決がかなうかにも注目だ。

勝点５差で迎えるサバイバル戦。順位浮上の好機を得るのは果たしてどちらか。

［ 文：仲本 兼進 ］","現在最下位ではあるものの、２連勝中と調子が出てきた琉球。今節は７位・甲府をタピック県総ひやごんスタジアムへ迎え入れる。

琉球は前節、ホームで栃木と対戦。喜名 哲裕監督が新型コロナウイルス感染症陽性者の濃厚接触者となったことからベンチ入りできず、倉貫 一毅ヘッドコーチが急きょ指揮を執ることとなった。しかし、不測のアクシデントにも動じず、草野 侑己が５戦連発となる先制ゴールを奪うと、その後は粘り強い守備を披露して虎の子の１点を守り切った。

琉球は前々節・熊本戦に続き、２試合連続でクリーンシートを達成。攻守それぞれで力を発揮し、「選手間のイメージの共有はだいぶ交わってきた。前向きにトライできている」（中野 克哉）と手ごたえをつかみ、難敵に挑む。

対する甲府は前節、山口と対戦。開始２分に長谷川 元希の左クロスからウィリアン リラが電光石火の先制ゴールを挙げ、幸先の良いスタート。ただその後は追加点を奪えず、山口に追いつかれて２試合連続のドロー決着となった。この試合で退場となった宮崎 純真は、琉球との前回対戦でゴールを決めており、今節の不在は痛いところとなる。敵地の気候にもアジャストし、明治安田Ｊ２第14節・群馬戦以来の勝利を狙う。

これまでの対戦成績は５勝１敗と、甲府が大きく勝ち越し。ただ、昨季の琉球のホームゲームでは終了間際に池田 廉の決勝ゴールが生まれ、琉球が甲府戦初勝利を挙げている。

今季は互いに１点差を争うきっ抗したゲームが多く、今節も競った展開が予想される。90分間を通して強度の高い守備を演じるとともに、チャンスをモノにする集中力も試される一戦となるだろう。

浮上への足がかりにしたい両者の思惑。かなうのはどちらか。

［ 文：仲本 兼進 ］","勝点14で並ぶ21位の大宮と20位の琉球がＮＡＣＫ５スタジアム大宮で対戦する。まだ前半戦とはいえ、降格圏に位置することは気分も印象も良くない。結果次第によっては、シーズン後に振り返ったときに勝点６の価値を持つ一戦になっておかしくない直接対決だ。

ホームの大宮は、再び状態が下降気味である。明治安田Ｊ２第12節・群馬戦以降、４戦負けなしと息を吹き返したかと思われたが、18日に延期となっていた第15節・岩手戦で敗れると、21日の前節・仙台戦も敗戦。ホームでさらに勢いを大きくするつもりが、２連敗と最悪の結果を招き、降格圏に転落した。

今節はホーム３連戦の３試合目。３連敗は許されないし、その相手が１つ上の順位に位置する琉球であることを考えれば、なおさら求められるのは勝点３のみ。そのためにも、まずは安定した守備からゲームに入り、無失点の時間を長くしながら得点を目指していきたい。

一方の琉球はここ６試合で２勝３分１敗と調子を上げつつある。第14節・秋田戦こそ逆転負けとなったが、その試合を含め全試合でゴールを奪えており、チームのアイデンティティーである攻撃的な姿勢が戻ってきている印象だ。

その中で突出したパフォーマンスを見せているのがストライカーの草野 侑己。第12節・金沢戦から５試合連続ゴールを記録し、勝点獲得に大きく貢献していた。ところが、前節・甲府戦の途中に負傷交代するアクシデントに見舞われており、連続得点もストップ。琉球にとっては、エースの出場可否がこのゲームのポイントの１つになるだろう。

果たして、下位脱出に向けて貴重な３ポイントをつかむのはどちらだ。

［ 文：須賀 大輔 ］","天皇杯２回戦を含めれば琉球は現在５連戦の真っただ中。一方の徳島はＪリーグYBCルヴァンカップも含めて公式戦７連戦。過密日程下の両者の一戦が、タピック県総ひやごんスタジアムで行われる。

各チームの前節を振り返ると、琉球はアウェイで大宮と対戦。勝点14で並び、下位から抜け出したい両者の思いが交差する一戦となったが、セットプレーで得点を許し、０－１で敗れた。５月に入ってから明治安田Ｊ２第15節・熊本戦、第16節・栃木戦で連勝を飾り、調子が上向いていたところだったが、ここ２試合は未勝利が続く。岡﨑 亮平や草野 侑己といった主力が相次いで負傷交代し、新型コロナウイルス感染症の影響も少なからず残ってはいるが、チームが成長するために必要な球際での激しさと、いま必要な勝負へのこだわりを前面に押し出して、難局打開を図りたい。

対する徳島は前節、アウェイで甲府と対戦。セットプレーから内田 航平がヘディングシュートを決めて先制するも、後半に同点とされた。しかし第15節・群馬戦以来となる勝点を手にしたことで、甲府戦をきっかけにという思いは強いはず。GKホセ アウレリオ スアレスを中心とした守備は総失点11とリーグ最少。梅雨入りし湿度の高い日が続く沖縄の地でも粘り強い対応を見せ、先手必勝で流れをつかみたい。

21位の琉球にとっては何よりも降格圏からの脱出を。そして14位・徳島は５試合ぶりの勝利を手にして、まずは目の前のＪ１参入プレーオフ出場圏入りを目指す。両者にとって現状からのステップアップを図るべく落とせない試合である。

［ 文：仲本 兼進 ］","６月１日に行われた天皇杯２回戦は山形、琉球ともに先発メンバーを入れ替えた中でＪ２チームと対戦し、敗退となった。ここからは折り返しの近いリーグ戦に戻り、それぞれの目標や現状と向き合うことになる。

再試合が決まっていた明治安田Ｊ２第８節・岡山戦のデータがリセットされ、山形は消化が２試合少ない状態で６位となっている。その岡山戦後の９試合で６勝３分と無敗をキープし、順位を上げていたが、２位・新潟と対戦した前節はアウェイで０－３と、内容的にも完敗だった。新潟戦までの３連戦はメンバーがほぼ固定され、連戦の疲労も影響していた。負傷離脱者が多い状態はもうしばらく続きそうだが、今節は天皇杯で主力を休養にあてた効果を生かしたい。

琉球は21位。喜名 哲裕監督が４試合ぶりに現場復帰して迎えた前節・徳島戦は３－３と思わぬ点の取り合いになった。前半は互いにPKで点を取り合い、３－２から徳島が追いついたのは終了直前の90＋６分。琉球はあと一歩で勝利を逃す悔しい結果となった。ただし、攻める姿勢を打ち出した中でリーグ最少失点の徳島から３得点を挙げたことは大きな成果。２連勝のあと第17節からは３試合勝利がないが、常に次への手ごたえを残す戦いを続けている。第16節・栃木戦の途中からは170cmの沼田 圭悟をCBに、徳島戦では池田 廉がボランチに起用されている。

山形は藤本 佳希、琉球は草野 侑己、チーム最多７得点のエースをともに欠いているが、ボールを保持しながら全員で崩していくのが両チームのスタイル。ともに後半アディショナルタイムの失点が多いことも含めて、最後まで目が離せない展開になりそうだ。

［ 文：佐藤 円 ］","最下位に沈む琉球が10位・長崎をホームに迎える一戦。リーグ戦の折り返し地点となる今節、どちらにとっても前半戦を勝利で終え、後半戦でリスタートを切りたいという思いはあるだろう。

前節の山形戦で０－４と惨敗を喫した琉球。その３日後となる８日、成績不振を理由に喜名 哲裕監督の解任を発表した。昨季途中に樋口 靖洋監督のあとを継いだ喜名監督は今季、球際の強度と即時奪回を求めてチームを強化し、Ｊ１参入プレーオフ経由Ｊ１行きを目標に掲げてリーグ戦に挑んでいたが、ここまで３勝６分11敗と勝点を積み上げることができていなかった。後任人事は進めているとし、新監督が決定するまでは倉貫 一毅ヘッドコーチが暫定監督として指揮を執る。倉貫暫定監督は「戦う集団にならなければならない」と強調。一人ひとりが発揮する闘争心を統一させてチームとして戦うことがいま必要である。切実に欲する勝利。それは選手だけでなく、サポーターも同じ。勝点３を手にすべく目をギラつかせて戦う姿が見たい。

対する長崎は前節、栃木と対戦。シーソーゲームの展開となった中、途中出場のクリスティアーノが自陣からドリブルで持ち運んで決勝ゴールを奪い、３－２で劇的勝利を収めた。リーグ屈指の選手層を誇り、個の力は随一といっても過言ではない。ただ今季は２連勝が一度きりで、好不調の波もあり10位という成績。この順位は当然物足りなさがある。Ｊ１昇格という確固たる目標につなげるべく、一意専心の気持ちで目の前の試合に臨みたい。

組織で勝つ姿を見せたい両者の対決は、タピック県総ひやごんスタジアムで繰り広げられる。

［ 文：仲本 兼進 ］","消化試合が１つ少ない中、岡山はリーグ前半戦で勝点32を積み上げて４位に位置している。この戦績を木山 隆之監督は「悪くはない。上を目指していくには80ポイントが必要なので、そう思えば半分は40ポイントだから、ちょっと足りていない」と評価し、「これだけ混戦なので上が80ポイントを超えるとは限らない。粘り強くやれれば十分チャンスはあると思います」と後半戦を睨んだ。

そして、さらに勝点を積み上げていくために大事なことを問われた指揮官は、「やっぱり一戦必勝だと思う。シビアなゲームも勝ち切っていく強い気持ちを持って戦っていくことが大事になる」と話した。後半戦の岡山はこれまで以上に勝利に執着した姿を見せてくれそうだ。

琉球は前半戦を終えて勝点15にとどまって最下位に沈んでおり、８日に喜名 哲裕監督の契約解除が発表された。そして、11日の前節・長崎戦は倉貫 一毅ヘッドコーチが暫定的に指揮を執り、12日にナチョ フェルナンデス監督の就任が発表されている。

琉球の再建を託されたスペイン国籍監督は、「私たちは定義されたシステムを持ちません。アイディアがそこにあれば、システムは素晴らしい選手たちが創り出します。日々ハードワークすること、そしてチームとして大胆に戦うことを、私はここに誓います」とコメント。果たしてどんなアイディアを見せていくのだろうか。

ナチョ フェルナンデス監督の合流日は現時点で未定となっているが、チームは強い気持ちを持って後半戦の初戦に臨んでいくはず。気持ちのこもった攻防が繰り広げられることは間違いなさそうだ。

［ 文：寺田 弘幸 ］","琉球は６月12日、喜名 哲裕監督に代わって、５月までバレンシア（スペイン）のヘッドコーチを務めたスペイン国籍のナチョ フェルナンデス監督を招聘した。経験を生かした手腕で最下位に沈むチームをいかに立て直すか。そして「今までの人生の中で特別な感情を抱くゲームになると思う」と話す新指揮官にとって、今節は日本での初采配となる。2014年から2015年にスペインのレアル サラゴサで指揮を執ったランコ ポポヴィッチ監督について「当時からよく知っている」と話すナチョ フェルナンデス監督がどのような戦略を練ってくるか。

何より琉球はリーグ戦３連敗中で、明治安田Ｊ２第16節・栃木戦を最後に勝利から遠のいている。その要因となっているのが後半アディショナルタイムでの失点。第17節の甲府戦をはじめ、第19節・徳島戦、第21節・長崎戦、そして前節の岡山戦と終了間際にゴールを奪われている。そのすべてが１点差未満で試合が進んでおり、１点の重みを背負う中で相手のパワープレーをはね返せず、苦杯をなめる状況が続いている。

その部分はナチョ フェルナンデス監督も「最後の時間の使い方、終わらせ方を変えなければいけない。そういう事象が起こり得るエラーを限りなく少なくして、改善していきたい」と課題克服に向けて取り掛かると話している。

対する町田は前節、ホームで金沢と対戦。先手を打つ町田に追いすがる金沢という構図で最終盤までシーソーゲームを演じた中、アディショナルタイムに太田 修介が決め、３－２の劇的勝利。この結果、Ｊ１参入プレーオフ圏内の６位に浮上した。サイド攻撃やセットプレーを強みにし、力強いフィニッシャーもそろえている町田に対し、琉球はいかに相手の強みを消せるかが大事となる。

前回対戦は開幕節で当たり、スコアレスドローを演じた両者。梅雨明けしたばかりの沖縄の地で行われる再戦において、雌雄を決するか。監督交代で巻き返しを図りたい琉球と、昇格への道を突き進みたい町田との一戦が、26日にタピック県総ひやごんスタジアムで繰り広げられる。

［ 文：仲本 兼進 ］","城福 浩監督就任から公式戦２試合で完封勝利が続いていた東京Ｖは前節、千葉を相手にFK、PK、CKから３失点して１－３と敗戦。悔しい一戦からのリカバリーを狙う。

「負けたあと、チームの結果が出ていないときこそ、真価が問われるものだと思う」と奈良輪 雄太。「強いチームはホームで勝つものだし、連敗しないもの。自分たちの問題を改善して、次のゲームにつなげたい」（奈良輪）と、チームとして準備を進めている。その中で、選手１名に新型コロナウイルス感染症の陽性判定が出たことが発表された。城福監督は「早く治って戻ってきてほしいが、逆に言えばほかの選手にチャンスが巡ってくるということ。チャンスを生かすような場にしてほしい」とコメントしている。

トレーニングではセットプレーの修正、そして「初めて４日、練習で準備する期間を作ることができた。いまこそやりたいことをやろう、と進めている」と城福監督。「見ている人に『こんなチームはＪ２にいなかった』と思われるような、クレイジーな部分もあるサッカーをしたい」と宣言しており、高い強度で、それに東京Ｖらしい魅力的なサッカーを構築しつつ勝利を目指す。

前節・町田戦からナチョ フェルナンデス監督が指揮を執っている琉球は、その初戦を０－１で落として７戦勝ちなし。依然として最下位に沈んでいる。新体制の印象について、東京Ｖの城福監督は「以前と比べて相当変わっている」と述べた。「ポゼッションを重視していると認識していたが、前節から相当、前への意識が強くなっている。アグレッシブな守備と奪ってからのカウンター、クロスの本数も多くなった」（城福監督）。東京Ｖのパス回しを引っかけて、前線に早いタイミングで入れてくるサッカーが予想される。アウェイで勝点獲得を強烈に意識して臨むだろう。

このカード、東京Ｖがホームでは２分１敗。琉球のほうが相性の良さがある。今対戦ではどうなるか。

［ 文：田中 直希 ］","岩手にとっては前々節から続く“シックスポイントゲーム”３連戦”の最終ラウンド。一方、琉球にとっては監督交代後の初勝利を飾り、巻き返しのきっかけとしたい大事な試合となる。

岩手は６月以降、６試合負けなし。その期間に積み上げた勝点は『12』で、最下位だった順位も19位にまで上げてきた。それでも前節・大宮戦は秋田 豊監督が「80分くらい攻められる展開」と話したように、明らかに押し込まれた。暑さに苦しみ、プレスの勢いが欠如。間延びした中盤を支配された。今節も同じ轍を踏むわけにはいかず、良い流れだからこそいま一度気を引き締めて臨みたい。おそらく、スタメンはほとんどが入れ替わるはずだが、中３日でチームとしての修正をどのように図ってくるか。

琉球は前々節・町田戦からナチョ フェルナンデス監督が指揮。しかし、初戦を落とすと、前節・東京Ｖ戦では手痛い逆転負けを喫した。これでチームとしては５連敗、そして８試合未勝利と苦しい状態が続いている。前節終了後、指揮官は「完成度はまだまだ」とし、クロスへの対応と前半途中から重心が後ろに傾く点を改善点に挙げた。

監督交代後は、ロングボールを使いながら早いタイミングで前のスペースを使う戦い方も印象的な琉球。しかし、トランジションや球際の強さは岩手の武器でもある。岩手としては、秋田監督就任以降積み上げてきた自分たちの土俵で後れを取るわけにはいかない。それがホームであればなおさらだ。下位直接対決となった直近２試合で勝点４を挙げている岩手。琉球との前回対戦では後半に豪快なミドルシュートを２発決めて逆転勝利しただけに、良いイメージを持って臨めるはず。大宮に続き、琉球にも“シーズンダブル”を達成し、勢いを加速させたい。

［ 文：髙橋 拓磨 ］","前節、岩手とのアウェイ戦に挑んだ琉球。セットプレーから19歳・大森 理生のＪリーグ初ゴールで先制し、この虎の子の１点を守り切った。ナチョ フェルナンデス監督体制３試合目での初勝利であり、チームとしても実に９試合ぶりの勝利。依然として最下位ではあるものの、勝点を積み上げたことでジリジリと上の順位に接近し、逆襲への足がかりをつかんだ。今節・仙台戦のあとには、21位・大宮との大事な直接対決が控えているが、「この先のことを考えず、仙台戦を決勝のつもりで戦い抜く」（ナチョ フェルナンデス監督）と、一戦必勝を積み上げての浮上を目指す。

対して、前節は甲府とのホーム戦に臨んだ仙台。高い位置でボールを回収してチャンスを生み出すと、中島 元彦が直接FKで先制ゴール。さらに中山 仁斗、名倉 巧が追加点を挙げ、３－０で快勝した。直前まで４戦未勝利を経験したものの、ここ２試合は連勝と結果を残している。仙台にとっても今節は大事な一戦。首位の横浜FCとは勝点差３、２位・新潟とは１ポイント差に迫っており、アウェイ戦ではあるが、ここで取りこぼすわけにはいかない。

琉球は阿部 拓馬、仙台は名倉 巧が古巣対戦という注目点もある中、残留争いから抜け出したい琉球と、１年でのＪ１復帰を目指す仙台。目標地はそれぞれ違うが、両者にとって譲れない戦いが演じられることだろう。前回対戦は、３バックの脇を突いて果敢に攻め込んだ仙台がフェリペ カルドーゾと氣田 亮真のゴールで快勝している。琉球のリベンジとなるか、それとも仙台がシーズンダブルを達成か。決着はいかに。

［ 文：仲本 兼進 ］","大宮を勝点４差で追う琉球。降格圏内にいる両者にとって、絶対に落としてはならない“シックスポイントマッチ”がタピック県総ひやごんスタジアムで繰り広げられる。

攻守でボールに食らいつき、縦に速いサッカーを植えつけるナチョ フェルナンデス監督体制の４試合目となった前節の仙台戦。開始直後に失点するも、後半の序盤に中野 克哉のゴールで追いつき、勝点１を奪取した。前々節・岩手戦に続く連勝とはいかなかったが、PKストップを見せたダニー カルバハルの活躍もあり、２試合連続で勝点を上乗せしている。

「守備も攻撃も競り合いで勝てれば、試合に勝つ可能性は上がる。ゴールを決めるための強度を求めている」（ナチョ フェルナンデス監督）。自分たちで試合をコントロールすべく練習からインテンシティーを高めるように求め、「全試合が決勝戦の気持ち」をチームの合言葉に必勝を期して臨む。

対する大宮は前節、ホームで東京Ｖを迎え入れた。先制点を奪われたものの富山 貴光の２ゴールで逆転し、５試合ぶりの勝利まで目前に迫っていた。しかし、最終盤で追いつかれ、勝点３への執念は実らなかった。２試合連続で後半アディショナルタイムに失点し、試合の終わらせ方に課題が残るが、縦に向かう姿勢でゴール前に迫る迫力が随所に見られたことをポジティブに捉え、味わった無念さを今節、勝利でリフレッシュさせたい。

“裏天王山”に挑む両者は今季、二度対戦経験がある。一度目は明治安田Ｊ２第18節。このときは大宮が１－０で勝利。二度目は６月に開催された天皇杯２回戦で、大宮が４－１で制し、ワンサイドゲームを演じている。

三度も屈辱を受けるわけにはいかない琉球と、６試合ぶりに勝利の美酒を味わいたい大宮。小さなミスが大きなほころびとなるという経験を何度も繰り返し、勝点を失ってきた両者にとって、チームの変貌を知らしめるべく勝点３がマストな直接対決だ。

［ 文：仲本 兼進 ］","両者、勝利必須の一戦だ。

徳島の前節は対戦相手が新型コロナウイルス感染症のトラブルに見舞われたことで延期になった。よって前々節・横浜FC戦から約２週間ぶりの公式戦となる。ただ、代替として練習試合を実施しており、試合勘はさほど問題なさそうだ。

福岡から加入したばかりの杉本 太郎もその練習試合に出場し、ダニエル ポヤトス監督としては起用方法を模索する材料になったことだろう。とはいえ、消化した試合が１試合少ない状況ながら、Ｊ１参入プレーオフに出場可能な６位との勝点差は『８』に広がった。同時に下位グループもすぐそこまで迫っており、勝点を積み上げ始めた最下位の琉球を勢いづかせるわけにもいかない。兎にも角にも、徳島にとっては勝利必須の局面だ。

一方の琉球は勝点20で最下位に沈み、正念場が続く。

一般的な目安としての残留ラインは試合数×１～1.1程度で語られることが多い。勝点42前後ということを念頭に置けば、一戦一戦がより重要になってくる。しかしながら、現状であれば連勝で局面を一気に変えられる。

前節・大宮戦は順位の近い者同士の一戦だったが、緊張感漂う中で勝点１を積み上げた。勝点３は得られなかったが、大宮に勝点３を与えなかったという観点では非常に大きな価値がある。今後の注目は阿部 拓馬。琉球が前半戦に苦戦していた最大の原因は、異彩な存在感を放つFWが負傷により長期離脱していたことだろう。３月下旬からベンチ外となり、７月上旬にようやく途中出場までたどり着けた。直近２試合はフル出場しており、整い始めたコンディションに比例して得点の可能性も高まっているに違いない。

［ 文：柏原 敏 ］","互いに６月は未勝利だったものの、７月に入り琉球は１勝３分１敗。熊本は４勝１分と結果を残しており、一戦を大事にして着実に勝点を積み上げている。７月最後の一戦は、降格圏内から早く脱出したい琉球と、Ｊ１参入プレーオフ圏内を維持しながら、自動昇格争いも演じたい熊本の思いがぶつかり合う。

前節・徳島戦はスコアレスドローに終わった琉球。「集中して試合に入れていることが守備の改善につながっている」（ダニー カルバハル）と、極めて多かったアディショナルタイムの失点は減少し、勝点を確実に奪い切れる要素となっている。ただ、ボールを握る時間をなかなか作り切れず、少ないながらシュートシーンはあるものの、確実性を欠く場面が多い。「守備だけ良くなっても意味がない。次は決め切ることが大事だ」とナチョ フェルナンデス監督は発破をかける。シュート精度を高める練習も日々積んでいるだけに、目に見える結果を残したい。

対する熊本は３連勝中。縦に速く、運動量の多い選手がそろっており、即時奪回の姿勢を90分通して貫くことができるチームである。ボールを巧みにさばきながら、相手を動かす術も知っており、前節・金沢戦では髙橋 利樹が先制点を挙げ、杉山 直宏が２得点。守備面も３試合連続の無失点ゲームを演じ、３－０で快勝している。琉球との前回対戦は０－２で敗れているだけに、リベンジを果たしたい思いもあるだろう。崩れない守備を見せる琉球と、攻撃力十分の熊本という“盾矛対決“になるかもしれない。軍配はどちらに上がるか。

なおこの日は、年に一度の『全島サッカー１万人祭り』が催される。新型コロナウイルス感染症の影響で２年ぶりの実施となるが、元日本代表選手やかつて琉球でプレーした選手が集まってフレンドリーマッチも開催される予定だ。試合後には花火も打ち上げられ、夏の夜空を彩ることとなっている。

［ 文：仲本 兼進 ］","両者の前回対戦は明治安田Ｊ２第17節。当時の琉球は２連勝中だったが、ホームで１－１の引き分けで終えた。現在の琉球は直近５試合で２勝３分と好調を維持し、ＪＩＴ リサイクルインク スタジアムに乗り込む。

お互いにもっと上を目指して戦ってきたが、ホームの甲府は１試合消化試合が少ない状況で14位、アウェイの琉球は22位。流れを変える、流れを引き寄せるためにも大事な試合になる。

甲府は前々節・千葉戦を前に合計で11人の新型コロナウイルス感染症の陽性者、それに近い数字の濃厚接触者が認められたため、下限の13名の選手がそろわずに試合が中止となった。前節の群馬戦は離脱選手の約半数が戻ったことで試合開催はできたものの、コンディションが戻っていない選手をメンバー入り、出場させて乗り切った。今節はコロナ関連の離脱選手はほぼ復帰したものの、コンディション面の不安は残る。

琉球は降格圏からの脱出が目の前の目標だが、直近の５試合は最下位のチームではない勢いや試合内容がある。ポテンシャルが高いFWサダム スレイを獲得したことが大きく、阿部 拓馬が能力の高さをフルに発揮できるコンディションにあることも大きな武器だ。

ハードで規律ある戦いで結果が出てきた琉球に対して、離脱メンバーが戻ってきた甲府がＪ１参入プレーオフ圏内入りに向けて、どん欲かつ危機感を持って臨む一戦。残り試合が『15』を切り、ラスト10が見えてきた中で、どちらが勝って希望をつなげるか。

［ 文：マツオ ジュン ］","長崎市へ原子爆弾が投下された９日、終戦記念日の15日。その間に開催される長崎と琉球の一戦は『平和祈念マッチ』として行われる。

長崎は前節、アウェイで東京Ｖと対戦。序盤からボール保持に長けた東京Ｖに押し込まれると、後半に耐え切れず失点。終盤は反撃に出たものの得点を奪うことができず、０－１で敗れた。ファビオ カリーレ監督就任後、リーグ戦では初黒星となり、２カ月以上続いていた連続無敗記録は『11』でストップした。

対する琉球は前節、アウェイで甲府と対戦。序盤からミスが続き、前半だけで２つのPKを与えて３失点。そこから２点を返し、１点差まで追い上げるもそこから２失点を喫し、終わってみれば５失点。６試合ぶりの敗戦を喫した。

ともに前節の敗戦からの修正が勝利へのカギとなる。長崎はそれまでの５試合で９得点を奪っていたが前節は沈黙。エジガル ジュニオの決定力に依存している部分も多く、「得点のパターンを増やしたい」（村松 航太）ところだ。一方の琉球も前々節・熊本戦までの５試合では２失点と守備が安定していただけに、その感覚を取り戻したい。前線では新加入のサダム スレイが２試合連続得点と頼もしい存在となっているだけに、粘り強い守備から新エースの一撃という展開に持ち込みたいところだ。

長崎は昇格、琉球は残留とともに明確な目標があるだけに、連敗は絶対に避けたいところ。特に琉球は残留圏内の20位・大宮との勝点差が『４』と、追いつくには２試合を要する状況になっているだけに、是が非でも勝点が欲しいはずだ。

平和な世界でこそ楽しめるのがスポーツ。真剣勝負の中で両チームは平和の尊さをプレーで示してくれるはずだ。

［ 文：杉山 文宣 ］","２連勝を狙う琉球が、３連勝中と波に乗る山形をホームに迎え入れる。

前節、長崎と対戦した琉球。前半に２失点し、ビハインドを背負ったが、後半に入り人見 拓哉が立て続けに２得点。そして終盤にはサダム スレイの３試合連発ゴールが生まれ、３－２で勝利した。「前半の２失点は許しがたいミスだった」とナチョ フェルナンデス監督。相手の攻勢をはね返し切れず、アタッキングサードで揺さぶられて失点したことに「精度の高い守備を求めなければ、この厳しい状況を抜け出すのは難しい。選手たちはいつもチームのためにハードワークしてくれている。けれども、それを無駄にするようなミスを繰り返しているから、いま最下位というポジションにいる。努力が報われるよう、同じミスは許されない」と指揮官は発破をかけた。

一方、攻撃ではサイドを起点に少ないチャンスを確実にモノにした。「長崎戦の後半は失点もゼロに抑え、満足のいく内容だった。これを前半からできるようにしなければいけないし、熊本戦ではできたこと」とナチョ フェルナンデス監督。一度つかんだはずの手ごたえを思い出すため、今節に向けて準備を整える。

対するは前節の金沢戦で４ゴール快勝の山形。相手のプレスをかいくぐってクロスから得点を生み出し、セットプレーの精度も高い。ベンチにはピーター クラモフスキー監督の要求に応える選手がそろい、流れを変えられる。守備においても直近７試合は複数失点を喫しておらず、攻守ともにバランスが良い。Ｊ１参入プレーオフ出場圏に入るためにも、今節は絶対に負けられない。

大事な一戦を前に、琉球はサダム スレイ、山形は山﨑 浩介が出場停止。攻撃と守備のキーマンが不在の中、底力を見せて勝利をつかむのはどちらか。

［ 文：仲本 兼進 ］","11位の水戸と22位の琉球がケーズデンキスタジアム水戸で激突する。

ホームの水戸は８月23日に延期となっていた明治安田Ｊ２第28節・大分戦に挑んだ。序盤はそれまで10試合負けなしと調子を上げる大分のパスワークに翻ろうされる展開が続いたものの、そこをしのぎ切ると、徐々に水戸らしいアグレッシブな姿勢を出して、大分ゴールに迫った。そして、28分に木下 康介が個の力でゴールをこじ開けて先制点を挙げると、39分には右サイドを抜け出した杉浦 文哉からのクロスを安藤 瑞季が流し込んで、リードを２点に広げた。後半は大分の反撃を受けるものの、安定した守備ではね返し続け、ゴール前に進入された場面でも体を張ってゴールを死守し、完封勝利を収めた。

20日に行われた第32節・山口戦でのふがいない敗戦から立ち上がった姿に、「リバウンドメンタリティーに惚れ惚れした」と秋葉 忠宏監督は選手たちを称賛。チームの士気はこの上なく高まっている。リーグ終盤に向けて、さらなる上昇気流に乗るためにも、水戸らしい攻撃的なサッカーを繰り広げて連勝を狙う。

琉球は現在最下位に沈んでいるものの、夏に積極的な補強を敢行し、直近５試合で２勝２分１敗と調子を上げている。注目が集まるのはガーナ国籍FWサダム スレイ。先発した３試合すべてでゴールを挙げる驚異的な決定力の高さを見せている。今節は出場停止だった前節の鬱憤を晴らす活躍に期待がかかる。

［ 文：佐藤 拓也 ］","９月に入り、明治安田Ｊ２も残りわずかとなった。降格ゾーンからの脱出を図りたい琉球と、残留を果たすべく着実に勝点を積み上げたい秋田の一戦が、タピック県総ひやごんスタジアムで繰り広げられる。

22位の琉球は前節、水戸とのアウェイ戦をスコアレスドローで終え、勝点１を持ち帰った。８月の４試合を１勝２分１敗とし、19位の大宮との勝点差は『２』、20位・群馬と21位・岩手との勝点差は『１』に迫り、今節で降格圏からの脱出を果たせる可能性がある。前節を無失点で終えた手ごたえを維持し、勝利への活路を見いだすために重要となる堅守速攻のスタイルで結果を残したいところである。

しかし前節、阿部 拓馬が負傷交代するアクシデントに見舞われた。容体は不明だが、欠場となれば「選手みんなが重要な選手であることは確かだが、特に阿部は一番重要な選手と言っても過言ではない」と話すナチョ フェルナンデス監督にとって頭を悩ませる事象となる。当日どのようなメンバーをピッチに送り出すのかは注目点の１つだ。

対して、８月を１勝１分２敗とした秋田。ここ２試合は開始５分以内で失点し、敗戦を喫しているだけに、その課題を修正したい。立ち上がりの失点で後手に回ることなく、どんどん敵陣にボールを配給し、高さと強さを誇る齋藤 恵太、武 颯らFW陣がシュートチャンスを生み出して、３試合ぶりの勝利を手繰り寄せたいところ。また古巣対戦となる青木 翔大と才藤 龍治も琉球にとっては要注意だ。

試合当日は台風11号の影響を受けることになりそうだが、強風をいかにして味方にできるかというところも注目である。

［ 文：仲本 兼進 ］","1021日ぶりに、デンカビッグスワンスタジアムにサポーターの声援が戻ってくる。

新潟は今節・琉球戦からのホーム５試合を、収容人数を50％に抑えた上で『声出し応援適用試合』とした。すでに今節の声出し応援エリアのチケットは完売。約3,500人のサポーターの声援が響き渡る予定だ。

新潟のホームでは、2019年11月24日の明治安田Ｊ２第42節・長崎戦以来の声出し応援となる。２位の新潟は第17節以降、自動昇格圏内をキープ。連敗は一度もなく、得点数と失点数の少なさはともにリーグ２位と安定している。松橋 力蔵監督の下、ボールをつなぎながら攻め上がり、チャンスで鋭く背後を突くスタイルを貫いている。

得点者を見ると、鈴木 孝司がチーム最多の８得点。次いで高木 善朗、谷口 海斗、伊藤 涼太郎が７得点で並んでいる。状況に応じて、どこからでも攻められるのが強みだ。

注目は７日で27歳の誕生日を迎えた谷口。昨季13得点を決めたストライカーは、７月上旬から１カ月半離脱していたこともあり、14試合ゴールから遠ざかっている。ホームに声援が戻り、盛り上がりを増すこの試合でゴールを決め、チームをさらに勢いづけたい。

対する琉球は現在最下位。ただ、ナチョ フェルナンデス監督就任以降は３勝５分４敗と勝点を積み上げている。191cmの長身FWサダム スレイをターゲットにした攻撃は武器であり、大本 祐槻のクロスとの相性もいい。

元新潟の大本との対峙が予想される藤原 奏哉は「ウチの失点パターンとしてクロスからが多いので、まず上げさせないところを徹底しないといけない。大本くんの特徴は分かっているが、前回対戦でシュートも打たれているので注意したい」と意識する。

また、チーム最多７得点を挙げており、前回対戦で新潟から先制点を奪った草野 侑己が前節から戦線復帰したのはプラス要素だ。

琉球にとっては、浮上へのはずみになる重要な一戦。新潟の大声援を静まり返らせることが、モチベーションとなるだろう。

［ 文：野本 桂子 ］"
"開幕戦独特の緊張感が影響したのか、前半の45分はゴール前での攻防が少ない展開となった。前半の絶好機は27分。琉球が右サイドでFKを得ると、福村 貴幸のキックに中川 創がフリーで合わせてGK福井 光輝を脅かす。しかし、福井が阻んでゴールを割らせなかった。

前半はフィニッシュの数も少なかったホームの町田が早速動く。ハーフタイムに中島 裕希を下げて、鄭 大世を投入。鄭 大世をセンターFWに据えた。

対する琉球は後半開始からボール保持率を高めて町田を押し込んでいく。50分には相手のクリアボールを拾った沼田 圭悟がシュートまで持ち込んだ。

ボールを握って相手を押し込むボリューム感に欠ける町田は56分、長谷川 アーリアジャスールに代えて安井 拓也を起用。安井をセカンドトップのポジションに配置し、前線の組み合わせを変えることで戦況打破を狙った。

０－０で推移した試合は、町田も琉球も２枚代えでこう着状態を打開しようと試みる。87分には途中出場の山口 一真がやや遠めからミドルシュート。しかし、GK田口 潤人の守備範囲に収まり、町田はゴールならず。結局試合はそのまま０－０で勝点１を分け合った。

『３カ年計画』最終年のスタートを白星で飾れなかった町田はチーム主将の平戸 太貴が「結果としては全然納得がいっていない」と試合後にコメント。アウェイで貴重な勝点１を持ち帰る格好となった琉球の喜名 哲裕監督は「失点をゼロで抑えたことは今後の自信につながる」と話し、開幕戦での引き分けをポジティブに捉えていた。

［ 文：郡司 聡 ］","前節引き分けスタートの琉球と、初陣を白星で飾れなかった千葉との一戦。互いの欲する勝点３へ挑む熱戦がタピック県総ひやごんスタジアムで繰り広げられた。

序盤は千葉がボールを動かす展開。ロングボールを織り交ぜながら敵陣への進入回数を増やす。対する琉球はショートカウンターを警戒してボールを大事にする場面が続いたが、ボランチからの斜めのパスでサイド攻撃を促し、チャンスシーンを生み出した。

10分を過ぎる頃になると福満 隆貴のファーストシュートを皮切りに千葉が前への推進力を鮮明にする。サウダーニャのクサビから人数をかけてボックス内へと進入すると、末吉 塁が再三左サイドからのクロスでチャンスメーク。福満も狙い澄ましたロングシュートを放ち惜しくも左ポスト直撃と、チャンスを作るもなかなかゴールが遠かった千葉だったが25分。右CKからニアへ蹴った鋭いボールを新井 一耀が流し込み、待望の先制点を奪う。

失点直後、琉球は上原 慎也がゴール前で存在感を見せてシュートシーンを作り出すも、同点弾とはならず。さらに前半終了間際にはゴール前でFKのチャンスを得たがゴールには直結せず、千葉リードで前半を折り返す。

清武 功暉と中野 克哉の２枚代えで後半スタートを切った琉球。清武が縦パスを収め、左サイドから中野が積極的にゴール前まで進入する形を作ったが61分、千葉はディフェンスラインの裏を取ったサウダーニャが右からカットイン。ゴールエリアまでドリブルで持ち込み、２点目を奪った。

追いかける琉球は65分。右CKからファーサイドで待ち構えた中野がゴールネットを揺さぶり１点差に詰めると、終了間際にはボックス内で途中出場の阿部 拓馬の落としから草野 侑己がシュートを放つも、これはGK新井 章太の正面。さらに右からのアーリークロスに阿部がダイレクトで狙うも、ここもGKがキャッチ。最終盤にはCKから沼田 圭悟がヘディングでゴールを狙ったが、クロスバーを叩き万事休す。最後まで仕掛けた琉球だったが、球際に強く向かう千葉の守備をこじ開けられず、千葉が今季初勝利を挙げた。

［ 文： 仲本 兼進 ］","開始４分、右サイド深い位置から攻める琉球は草野 侑己の右クロスを清武 功暉がスルーし、フリーになった中野 克哉がシュート。鮮やかな連係プレーからゴール左スミのネットを揺らし、ホームチームが早速先制。中野は２試合連続弾となった。

勢いそのままに畳みかける琉球は、速攻を狙う岩手から素早くボールを奪いカウンターを仕掛けると、清武と草野の２トップが立て続けにゴールを狙うシーンを作る。

我慢の時間が続く岩手も20分頃から徐々に盛り返し、Ｊリーグ初出場となる弓削 翼が遠めから積極的にシュートを放てば、ブレンネルの左クロスに宮市 剛がシュート。またFKから深川 大輔が頭で狙い、さらに前半終了間際にもモレラトのシュート性のパスに左から快足を飛ばして和田 昌士が詰めるも、あと一歩届かず。琉球の１点リードで折り返す。

後半、足元でボールが落ち着かない琉球に鋭くプレッシャーを掛ける岩手がペースを握る。右からのクロスに宮市がヘディングで狙うもクロスバー直撃と決め切れなかったが、73分。小松 駿太が古巣を相手に強烈ミドルシュートを決め、ついに岩手が同点とする。

互いが決勝点を狙う中、琉球は右クロスに反応した阿部 拓馬がシュートを放つが、クロスバー直撃でゴールならず。危機一髪を乗り越えた岩手は87分、深川がＪリーグ初出場の試合で初ゴールとなる会心のミドルシュートを突き刺し、これが決勝点となった。

岩手は今季２勝目。対する琉球は初勝利とはならなかった。

［ 文：仲本 兼進 ］","点を取り合う白熱した展開の試合は、３点を奪ったアウェイの琉球が逆転で勝利した。

ホームの山口は前節から先発を２人変更し、ヘナンがCBで今季初先発。一方の琉球は１人変更し、阿部 拓馬が２トップの一角で初先発した。

良い入りをした山口が序盤にペースをつかむ。テンポよくパスをつないで何度も攻め込むと、21分にスコアを動かす。橋本 健人が左から入れたクロスに走り込んだ大槻 周平がやや回転しながら華麗に左足のヒールにボールを当ててコースを変えると、これがゴール右スミに決まり先制に成功した。

立ち上がりに苦しんだ琉球だったが、35分にデザインされたセットプレーで追いつく。CKから清武 功暉がペナルティマーク付近に低めのマイナスのクロスを送ると、うまくフリーになった阿部がダイレクトで合わせてゴール中央に突き刺した。

後半の立ち上がりも山口がペースをつかみ追加点。47分に左サイドを崩して沼田 駿也がシュートを放つと、GKがはじいたこぼれ球を大槻が蹴り込んでリードを奪う。

ここから両者が激しく攻め合う展開になり、互いのゴール前を行ったり来たりする中で70分、琉球が再び追いつく。左からのCKは一度はじかれたが、ここから攻撃を継続し、最後は相手選手の頭に当たってオウンゴールを奪った。

勝ち越すための次の１点を狙って両ベンチが積極的に動くと、76分に試合も動く。琉球がボールを奪ってゴール前に一気にパスを送る。これを途中交代で入った野田 隆之介が右足でゴール中央に蹴り込むと、これが決勝点。

琉球は４試合目にして今季初勝利を挙げ、山口は今季初黒星となった。

［ 文：田辺 久豊 ］","左から右へと強い風が吹いたタピック県総ひやごんスタジアム。コイントスで風上を取った水戸は、試合開始と同時にハイプレスを果敢に仕掛けてボールを奪い切る。バイタルエリアでの細かいパス交換から安藤 瑞季がファーストシュートを放ち、琉球ゴールを脅かす。さらに幅を使って攻める水戸がサイド攻撃を仕掛け、15分にCKを得る。松田 隼風のアウトスイングのキックを一度は琉球DFがクリアするも、曽根田 穣が右足を振り切り、先制点を挙げた。

明確な相手の時間帯に失点を許した琉球だが、20分過ぎからようやくボールを握る。失ったボールに対しても球際強く向かい、ショートカウンターへつなげるシーンを作り出す。呼吸が合わずシュートまで結びつけられない状況でも足を止めない。すると30分、琉球は敵陣でボールを奪ってショートカウンターを仕掛け、左サイドに流れていた中野 克哉の横パスを草野 侑己が冷静に流し込み、スコアをイーブンに戻した。

後半に入り、両サイドの深い位置まで進入する水戸。CKから何度もゴールを狙うが、勝ち越し弾とはならない。一方の琉球も遅攻でじわりと攻めながら、清武 功暉がミドルシュートで襲いかかるも、GK茂木 秀のパンチングに遭いゴールが遠かった。

途中、水戸は椿 直起と高井 和馬を同時投入し、攻撃陣をテコ入れ。これが功を奏す。70分、右サイドでドリブル突破を仕掛けた安藤がクロスを上げると、「体のどこかに当たってくれれば」という思いでDFの背後を突いた高井が太ももにボールを当ててそのままゴールイン。これが決勝点となった。

水戸は開幕５試合目にして念願の初勝利。２連勝を狙った琉球は達成ならず。ホーム戦で今季未勝利と難しい戦いが続く。

［ 文：仲本 兼進 ］","雨の夜、昭和電工ドーム大分で行われた明治安田Ｊ２第６節・大分対琉球の一戦。11連戦の８戦目の大分は19日の前節・山口戦から先発４人を入れ替え。敵地への移動をともなう琉球は前節・水戸戦から６人を入れ替えてスタートした。

先制点が欲しいチーム同士、立ち上がりから積極的にゴールを狙う。４分に香川 勇気の前線への浮き球に呉屋 大翔が左足を振り、５分には清武 功暉がシュートを放つが、いずれも枠外。琉球の立て続けのセットプレーをしのいだ大分は、球際へ激しく寄せてくる琉球の背後を使いながらボールを動かし、主導権を握った。19分、小林 裕紀の横パスから小林 成豪がワンタッチでネットを揺らし、大分が先制する。さらに23分には香川がゴールライン際から送ったクロスに伊佐 耕平が頭で合わせて、追加点を奪った。

好機は築くも枠を捉え切れずにいた琉球だが37分、清武のFKが密集を抜けて直接ゴールへと吸い込まれて１点を返す。45分、大分は負傷した町田 也真人に代えて渡邉 新太を投入。試合は２－１で折り返した。

56分、大分は長沢 駿を投入。するとその直後に下田 北斗の左CKから長沢がファーストタッチのヘディングで３点目。琉球は63分、草野 侑己と野田 隆之介の２トップを阿部 拓馬と上原 慎也にチェンジして勢いを維持するが、70分、大分が渡邉の左足シュートで４点目。琉球は71分に中野 克哉、77分に金井 貢史、富所 悠を投入するが、阿部が負傷するアクシデント。

落ち着いて試合を運ぶ大分は86分、中川 寛斗と松本 怜を投入。あきらめず攻める琉球だが、88分の中野のシュートはポストに嫌われ、90分にも中野が狙うが相手にブロックされた。

試合は４－１で終了。大分は公式戦８試合目で待望の今季初勝利。琉球は今季二度目の連敗となった。

［ 文：ひぐらし ひなつ ］","序盤から球際に激しく、攻守の切り替えが速い両者。東京Ｖの森田 晃樹がドリブル突破を図れば、琉球も草野 侑己が見せる推進力でディフェンスラインを押し下げ、互いのアタッキングサードは賑やかになる中、８分。琉球は中野 克哉の縦パスをボックス内中央で待ち構えた草野が受けると、GKの位置を確認して放ったループシュートが鮮やかに決まり、ホームチームが先制する。

さらに琉球は富所 悠がミドルシュートを放つも、ここはGK長沢 祐弥のファインセーブに遭う。また、中野も遠めから積極的にシュートを放ったがブロックに遭い、追加点とはならない。流れを引き戻したい東京Ｖは、杉本 竜士が縦突破を見せれば、阿野 真拓がボックス内でシュートを放ち、徐々にゴールへと近づく。

しかし36分。琉球は李 栄直の縦パスから左サイドへ進入した清武 功暉がクロスを上げ、草野が胸で落としたボールに野田 隆之介が反応。ボックス内中央で右足を振り切り、待望の追加点を手にした。

ところが東京Ｖも前半終了間際の45分。佐藤 凌我のミドルシュートから得たCKを山越 康平がヘディングシュートで追撃弾。反撃の狼煙を上げたところで折り返す。

後半、幅を使って動かす東京Ｖに対して後手に回る琉球。琉球陣内でボールが回る中、体を張って耐えしのぐ時間が続く。しかし68分、東京Ｖは左から新井 瑞希が放ったクロス性のボールが直接ネットに吸い込まれ、試合は振り出しとなった。

２点差から追いついた東京Ｖは一気呵成。相手のプレスを巧みにかわし逆転を狙う。追いつかれた琉球も時計の針が進むにつれ、広がるスペースを使って前へと進む姿を見せていったが、途中出場のバスケス バイロンをボックス内で倒しPKを献上。このチャンスに新井が落ち着いて決め、東京Ｖがついに試合をひっくり返した。

なおも後半アディショナルタイム。オウンゴールでリードを広げると、さらに再び得たPKを今度は佐藤 凌我が決め、終わってみれば後半に４得点を奪った東京Ｖが計５得点を奪う快勝劇で２試合ぶりの勝利。奪いかけたホーム戦初勝利がするりと逃げた琉球は３連敗となった。

［ 文：仲本 兼進 ］","中３日の３連戦の３試合目、ホームの横浜FCはガブリエウが先発で今季初出場。またここまで後半の切り札として貢献してきたスピードスターの山下 諒也が初の先発を飾った。アウェイの琉球は、ここまで２ゴール２アシストと攻撃をけん引してきた草野 侑己が契約により試合に出られず、さらには阿部 拓馬、野田 隆之介が相次いで負傷してFWが足りない状況。清武 功暉と池田 廉という、フィジカルが強く得点力のある中盤の選手が２トップを組んだ。

序盤から攻守ともに優位に立った横浜FCが順調に得点を重ねる。５分、琉球のバックパスを武田 英二郎がカットし、小川 航基がミドルシュートを決めて先制。10分には、山下のグラウンダーのクロスを中央で和田 拓也と小川がスルーし、ファーで待ち構えた伊藤 翔が追加点。２点を追う琉球も前線からのプレスを強めて押し込む場面を作ったが、そのプレスの間隙を突いた横浜FCが20分にGKからボールをつないで山下がクロス。再び伊藤がボレーシュートを突き刺してリードを３点に広げた。

琉球も26分、パスワークで横浜FCの左サイドを突破し、清武のクロスから金井 貢史がダイビングヘッドで１点を返す。その後も前半終了間際にはペナルティーエリア手前からのFKを清武が直接狙うが、これはスベンド ブローダーセンにセーブされた。

後半さらに圧力を強めて押し込む琉球だが、分厚い攻撃を仕掛けられず、なかなか横浜FCゴールをこじ開けられない。66分に横浜FC、67分に琉球とそれぞれ決定機を迎えるが、両GKが好セーブでしのぐ。69分、琉球は大本 祐槻、福村 貴幸を投入し、前線と中盤の構成を変えて勝負に出る。同じタイミングで横浜FCもクレーベと今季初出場となるサウロ ミネイロをピッチに送り、琉球に圧力を掛ける。

しかし両者とも連係を欠き、決定機を作れないままタイムアップ。横浜FCは連戦を３連勝で終えて首位をキープ。琉球は４連敗で降格圏を脱することができなかった。

［ 文：芥川 和久 ］","琉球は序盤から岡山のサイド攻撃を何度も受ける形に。鋭いドリブル突破からのクロスを再三上げられたが、ボックス内で集中力を保ち、ギリギリのところではね返す。

岡山は３トップが積極的にプレスを仕掛け、琉球にプレッシャーを与えると、李 栄直からボールを奪いショートカウンター。ミッチェル デュークがGKとの１対１で浮き球のシュートを選択するも、岡﨑 亮平が寸前でクリアした。

序盤こそ守勢に回った琉球だが、10分を過ぎたあたりから徐々にリズムを作り出す。敵陣深い位置まで進入する回数を増やすと、清武 功暉が右のペナルティーエリア手前で倒されFKのチャンス。この場面で上里 一将が左足で直接決め、23分に琉球が先制点を奪う。

さらに28分、琉球は岡﨑のロングボールからチャンスを生み出す。清武の足元にボールが渡ると、そのままドリブル突破。折り返したところを中野 克哉が落ち着いて決め、追加点を挙げた。

しかし、岡山は45分。敵陣でボールを奪ったミッチェル デュークのパスをチアゴ アウベスが受け、背後から走り込んできた白井 陽斗へラストパス。白井はDFをうまくかわしてゴールネットを揺さぶり、点差を縮めたところで前半を終えた。

後半、琉球は草野 侑己、中野、清武が立て続けにシュートを放つ。しかしGK金山 隼樹の好セーブもあり、こじ開けられない。ピンチを脱した岡山は58分にチャンス到来。ペナルティーエリア角付近からのクロスをステファン ムークが決め、岡山が同点に追いつく。さらに71分。岡山は左CKからニアへ飛び込んだミッチェル デュークが頭で決め、逆転に成功。アウェイの地で力強く劣勢をはね返した。

ところが、試合はまだ終わっていなかった。88分、力を振り絞り、深い位置までオーバーラップを仕掛けた右SB田中 恵太のクロスに途中出場の池田 廉が頭でねじ込み、３－３の同点に。その後、タイムアップのホイッスルが響くまでスコアは動かず。ドロー決着となった。

［ 文：仲本 兼進 ］","琉球は大本 祐槻と大森 理生が先発復帰。対する群馬は内田 達也と山中 惇希がスタメンに名を連ねた一方、古巣対戦となるはずだった風間 宏希がメンバー外となった。

群馬特有の赤城おろしまでとはいかないが、この日の沖縄のピッチ上はメインスタンドから見て左から右へと強い風が吹き、コイントスで勝った群馬が風下を取った。琉球は前半、追い風の力も借りて果敢にプレーする。ディフェンスラインを高く保ち攻撃を仕掛けるが、その背後を群馬が狙う構図も生まれた。すると櫛引 政敏のキックが田中 稔也に渡り、すかさず縦パス。深堀 隼平がシュートを放つが、惜しくも右側外のネットを揺さぶりゴールとはならず。しかし、再び攻撃に出る群馬は８分。天笠 泰輝のクロスのこぼれ球から、岩上 祐三が豪快なミドルシュートを左足で決め、群馬が先手をとった。

追いかける琉球は右SB田中 恵太のクロスから突破口を切り開こうとするが、決定機を生み出せず。それでも攻撃の手を緩めることなくサイドから攻撃を続けた。群馬はボールを追いかける展開が続いたものの、奪ったあとのカウンターが鋭く、追加点を狙おうとしたがスコアは動かず、前半を折り返す。

後半、群馬は相手のミスを突いて再三カウンターを狙う。深堀がシュートを放つが、GK田口 潤人の好セーブに遭う。琉球も田中のクロスから大本が狙うがブロックに遭い、ネットを揺らせない。大本のクロスに草野 侑己がダイビングヘッドで狙うも正確にミートできず。チャンスを逃し続けた。

終盤、群馬はFKから城和 隼颯の折り返しに北川 柊斗がヘディングシュートを放つも、追加点はならず。アディショナルタイムに突入し、琉球は富所 悠がミドルシュートを放つも、GK櫛引 政敏が際どくパンチングでセーブ。群馬が巧みにボールをキープしたところでタイムアップとなり、敵地で貴重な勝点３を収め、今季初の３連勝を飾った。

［ 文：仲本 兼進 ］","アウェイチームの琉球は前節から３人の先発メンバーを入れ替えた。上原 牧人、武沢 一翔、池田 廉が先発入り。上原 牧人は今季初出場となった。

ホームチームの仙台は、前節から先発を４人変更。小畑 裕馬が今季初出場でスターティングメンバーに入り、キム テヒョン、吉野 恭平が復帰。フェリペ カルドーゾは今季初先発。

仙台は立ち上がりから攻め込み、２分に中島 元彦が強烈なミドルシュート。これは田口 潤人の好セーブではじかれた。琉球も10分に右サイドでつないで清武 功暉がシュートに持ち込んだが、これは小畑に止められた。

その後は仙台が押し込み、琉球がカウンターを狙う形で試合は経過。32分には琉球の草野 侑己が右サイドの角度のないところからシュート。35分には仙台の中島がフェリペ カルドーゾからのリターンパスを受けてシュート。だがいずれも決まらなかった。45＋２分には琉球が絶好の位置で直接FKを得たが、清武のシュートは小畑の正面だった。前半はスコアレスのまま終わる。

後半頭から仙台は２選手を交代して攻勢を強めた。51分にはCKから皆川 佑介がシュートしたが、これは田口にセーブされた。52分にはキム テヒョンのクロスから再び皆川がシュート。だがこれは田口にキャッチされた。そして58分、氣田 亮真がボールを奪取してゴール前に送ると、フェリペ カルドーゾがこれを蹴り込んだ。仙台はフェリペ カルドーゾの今季初得点で先制。

仙台は76分に小畑が足をつってストイシッチに交代するアクシデントがあったが、攻勢を続けて80分に氣田の３試合連続ゴールで突き放す。仙台はこのまま逃げ切って、２－０で２試合ぶりの勝利を手にした。

［ 文：板垣 晴朗 ］","本職はSBの沼田 圭悟を左CBに置いた３バックを形成する琉球が、金沢をホームに迎え入れた。

序盤、金沢は嶋田 慎太郎のシュートを皮切りに攻勢に出る。17分には左CKから相手のクリアボールを拾った毛利 駿也がグラウンダーのミドルシュートを決めて、先制する。

３試合連続で先制された琉球。攻撃と守備で頻繁にスライドを繰り返しながら、サイドへボールを送って揺さぶりをかけるも、金沢の鋭いプレスに遭いボールロスト。パス交換でも連係が合わず、ボールを握れない。ただ前半終了間際にようやく前線にボールが通るようになり、上里 一将のミドルシュートと、セットプレーから清武 功暉のヘッドと立て続けにシュートシーンを生み出し、あと一歩まで迫ったところで試合を折り返す。

後半に入り、琉球は４バックにシステム変更し、左右にボールを動かしながらゴール前まで迫る。すると55分、仕掛けた中野 克哉が倒されて得たPKを、途中出場の草野 侑己が落ち着いて右に決め、同点とした。

その後もアグレッシブさを強調する琉球はサイドから好機演出。一方、金沢も２トップにボールを合わせて押し上げ、ボックス内で平松 昇が右足を振り抜いたが、GK田口 潤人の好セーブに阻まれる。

互いに球際での攻防を激しく展開させ一進一退。金沢は82分、毛利が２枚目のイエローカードをもらい10人になる。一気呵成と、琉球は田中 恵太の右クロスに上原 慎也が頭で合わせるも惜しくも左の枠外。なおも右から攻める琉球は田中のグラウンダーのクロスに中野と草野、そして上原 慎也が立て続けにシュートを放つが決め切れず。金沢も最終盤、小野原 和哉が放ったミドルはクロスバーに直撃。そのこぼれ球を松本 大弥が狙うも、田口がまたもファインセーブを見せてゴールならず。１－１で痛み分けとなった。

［ 文：仲本 兼進 ］","琉球が新潟をタピック県総ひやごんスタジアムに迎え入れた一戦は、ピッチの設備トラブルの影響により予定から１時間遅れでキックオフされた。

ここ３試合は３バックで臨んでいた琉球だが、今節はより高い位置でプレーする姿勢を促すべく、４バックに変更。それが功を奏し、キックオフ直後からアグレッシブに敵陣へ進入する姿を見せ、中野 克哉を起点に草野 侑己、清武 功暉が立て続けにシュートを放つ。一方、新潟はカウンターからチャンスを作り、谷口 海斗が果敢にゴールを狙うも、GK田口 潤人がガッチリとキャッチした。

攻めの姿勢を強調する琉球は、敵陣バイタルエリアで巧みなパスワークを披露すると10分、ディフェンスラインとの駆け引きを制した草野がゴールネットを揺らし、ホームチームが先手を奪う。

ただ、新潟も先制された試合でも追いついた試合は４試合あり、そのうち２試合で逆転勝ちを収めていることもあり、慌てることなくボールをさばき、ジワジワと琉球陣内へ進入する。新潟はディフェンスラインの背後を狙うが、琉球はCBに入った上原 牧人が素早いプレスバックでボールを奪い、やすやすと攻撃させない。

１点差のまま前半を折り返すかと思われた45＋１分。攻めるのか守り切るのかハッキリしない琉球のギャップを突いた新潟がPKを獲得。これを高木 善朗が確実に決め、同点とする。

後半開始直後、琉球は上里 一将、新潟は途中出場の島田 譲がキッカーを務めるが、勝ち越し点には結びつかず。さらに攻撃を続ける新潟は右からのクロスにイッペイ シノヅカが飛び込むも田口が死守。負けじと琉球は途中出場の大本 祐槻が左からチャンスを作るが、こじ開けられない。

終盤に入り、余力を残す琉球が途中出場の武沢 一翔のシュートを皮切りに、ワイド攻撃で波状攻撃を仕掛ける。しかし最後までゴールは遠く、１点を争う死闘は勝点１ずつを分け合う結果に終わった。

［ 文：仲本 兼進 ］","日本海側からの強風が吹き付けていたソユースタジアム。前半風上に回ったのは琉球だったが、秋田の激しい寄せに押し込まれる。最初の決定機は秋田。８分、相手DFのクリアが甘くなったところを中村 亮太が頭で落とし、最後は武 颯がダイレクトでシュート。これは大きく枠を外れた。

先制したのは琉球。11分、左からのクロスに中央の草野 侑己が競り合い、ボールがこぼれる。そこに詰めていた中野 克哉がシュートを放つが、相手DFに阻まれ再びこぼれると、鋭く反応した草野がゴールに蹴り込んだ。

ここから琉球は落ち着きを取り戻し、低い位置で前線をうかがいながら、縦パスを織り交ぜて組み立てようとする。一方の秋田は前線にボールを送り込むが、なかなかセカンドボールを回収できず、淡泊なプレーが続く。

22分には中村のパスを受けた齋藤 恵太がカウンターで抜け出す。これは得点につながらなかったが、次第に秋田が前への圧力を取り戻して、40分に追いつく。左CKのこぼれ球を受けた飯尾 竜太朗が左からクロスを送り、齋藤が頭でゴールに流し込んだ。さらに秋田は畳みかけて、前半アディショナルタイムに勝ち越す。FKのこぼれ球をペナルティーエリア内でうまくつなぎ、飯尾のクロスをファーで待ち構えていた池田 樹雷人が頭で叩き込んだ。

後半は秋田が風上になり、勢いよく敵陣になだれ込む。秋田は球際の競り合いで優位に立ち、セカンドボールを回収して連続攻撃を仕掛けるが、ネットを揺らせない。琉球は防戦一方となり、なかなか前線にボールを運べない。秋田は琉球の低い位置でのつなぎに対してすかさずプレスを掛けて、ボールを奪い何度となくシュートを放つが、GK田口 潤人の好セーブに阻まれる。

琉球が次の１点を目指して盛り返し、サイド攻撃やセットプレーでチャンスを作る。しかし、秋田の守備を崩し切れず、試合終了。秋田が連敗を止め、ホームで３試合ぶりの勝点３をつかみ取った。

［ 文：竹内 松裕 ］","５連戦のラスト、快晴のえがお健康スタジアムでは、熊本と琉球がＪリーグで初めて対戦した。

前節、首位の横浜FCを終了間際のゴールで下した熊本は、髙橋 利樹に替わってルーキーの土信田 悠生が初先発。また２試合連続ゴール中の伊東 俊がベンチからも外れるなど、リザーブメンバーを一部入れ替えた。一方、11試合ぶりの勝利を目指す琉球も前節の秋田戦から３人を入れ替え、福村 貴幸、大本 祐槻、富所 悠がそれぞれ先発に復帰した。

立ち上がりはお互いにシンプルに前線へボールを入れる展開で、まず５分、琉球は相手陣内でボールを奪った富所のパスを受けた中野 克哉がシュート。熊本も６分に杉山 直宏が狙い、10分にはイヨハ 理 ヘンリーからのクロスに阿部 海斗が飛び込むが、シュートは枠の外。その後は熊本がボールを保持して試合を優位に進めるものの、琉球のGK田口 潤人の好守もあって得点には至らず。０－０で後半へ折り返した。

熊本は後半から竹本 雄飛に代えて上村 周平を投入すると、高い位置でのボール奪取が増え、48分に阿部、54分には坂本 亘基の折り返しに土信田と決定機を迎えるがゴールならず。

押し込まれる時間が続いていた琉球は、64分に２枚代えで上原 慎也と金井 貢史を送り出す。すると68分、右サイドから大本が運んで金井、武沢 一翔とつなぎ、ニアで合わせた草野 侑己が４試合連続となるゴールを決めて先制。さらに71分、上原 慎也がゴール前の浮き球をバイシクルで押し込みリードを広げる。

２点を追う格好となった熊本は前線にフレッシュな選手を投入して反撃を試みるが、集中して対応する琉球の守備を崩せず。そのまま逃げ切った琉球が、明治安田Ｊ２第４節以来、11試合ぶりの勝利を挙げた。

［ 文：井芹 貴志 ］","５月４日に梅雨入りしてから、ぐずついた日が続く沖縄。試合当日もタピック県総ひやごんスタジアムの上空は厚い雲に覆われ、小雨が降り続く19時にキックオフの笛が鳴らされた。なお琉球は喜名 哲裕監督が試合当日に新型コロナウイルス感染症の濃厚接触の疑いが判明したことから、倉貫 一毅ヘッドコーチが指揮を執った。

序盤から球際での攻防を繰り出す両者。攻撃に移れば、ビルドアップを繰り返す琉球に対し、栃木はサイドから攻め立て、セットプレーでチャンスを得る。

その攻撃姿勢が先に実ったのは琉球だった。12分、中野 克哉のボールに池田 廉がダイレクトで折り返し、最後は草野 侑己がフィニッシュ。琉球が幸先よく先制点を奪うとともに、草野はクラブ新記録となる５試合連続ゴールを達成した。

追う栃木は黒﨑 隼人が右サイドでチャンスメークし、自らのクロスからシュートシーンも生み出したが、相手の反応がわずかに早くクリアされる。前半終了間際にはセットプレーの流れから谷内田 哲平のクロスに矢野 貴章が頭で合わせるも、枠を捉え切れなかった。琉球は前がかりとなる栃木の背後を狙うが、最後の質を欠き、追加点を奪えないまま前半を折り返す。

後半開始直後、琉球の岡﨑 亮平がイエローカード。これにより累積警告で次節の甲府戦は出場停止となる。その岡﨑が途中で負傷交代。CBには沼田 圭悟が入った。

栃木は再三サイドから攻撃し、琉球の弱みであるセットプレーからチャンスを作ろうとするが、簡単にはこじ開けられず。それでも栃木は幅を使ってボールを動かし、ボールを失っても鋭いプレスでカウンターを狙い敵陣へと迫る。対して琉球はロングカウンターから池田 廉がGKと１対１の場面を作るが決め切れない。

終盤にかけて、選手交代でパワーを補充する栃木。途中出場の瀬沼 優司がゴール前に迫るもGK田口 潤人が死守。琉球も上原 慎也がシュートを放つが、スコアは動かなかった。

最終盤、ロングボールでゴール前に人数をかける栃木。それをはね返す琉球という構図が見られたが、最後は琉球が粘り勝ち。琉球は２連勝を飾るとともに、今季待望のホーム戦初勝利となった。

［ 文：仲本 兼進 ］","２連勝中の琉球は最下位脱出を懸けて、そして甲府は上位との差を縮めるべく、絶対に落とせないという互いの思いがぶつかる一戦は、激しい球際の攻防と、ゴールへ鋭く向かうプレーが随所で展開された。

前節の山口戦では開始２分で先制点を奪った甲府。今回も序盤、長谷川 元希の縦パスから鋭く中央突破を図る鳥海 芳樹がシュートを放ち決定機。しかし、寸前で福村 貴幸がスライディングでボールの軌道を変え、先制点には至らなかった。

ピンチのあとにチャンスありと、今度は琉球の反撃。敵陣で相手のプレスを巧みにはがし、落ち着いてボールをつなぐと、右サイドハーフの中野 克哉がドリブルでディフェンスラインを下げさせながらミドルシュートを放つ。ただコントロールが定まらず、枠をそれた。

球際勝負を続ける両者だが、前半終了間際にアクシデント。５試合連続ゴール中の草野 侑己が接触プレーで負傷交代となり、上原 慎也と代わったところで前半が終了した。

後半に入り、バイタルエリアでボールをつないでシュートチャンスを作ろうとする琉球だが、甲府のカウンターを受けて押し戻される。甲府はサイドから進入してセットプレーを奪うと、CKからウィリアン リラに合わせるも、GK田口 潤人にキャッチされる。さらに、左サイドでの数本のワンタッチパスからボックス内へ進入していたウィリアン リラが再び合わせるも、わずかに枠をそれた。

甲府の攻勢は続き、須貝 英大がファウルを受け、ゴール正面でFKのチャンス。小林 岩魚が左足で力強く狙うが、これも枠を捉え切れなかった。

ピンチが続いた琉球だが、粘り強く守り切ったあと、カウンターから好機演出。CKから、左サイドへ流れた中野の足元へボールが渡ると左足でクロス。ゴール前に飛び込んだ上原 慎也がネットを揺らし、71分についに均衡が破れる。

しかし、追いかける展開となった甲府も執念。攻撃の圧力を高めていった中、90＋１分。須貝のクロスに合わせた途中出場の松本 凪生がヘディングシュートを沈め、スコアをイーブンにした。

残りわずかな時間で互いにファイティングポーズを取り続けたが、琉球がCKを奪ったタイミングで試合終了の笛が鳴り、１－１のドローで終演となった。

［ 文：仲本 兼進 ］","勝点14で並んでいた21位・大宮と20位・琉球の一戦は、最少スコアで決着がついた。

開始早々に大宮の小島 幹敏が際どいヘディングシュートを放った以外は、前半は完全な琉球ペースであった。ボールを握って動かす狙いどおりの展開でゲームを進めていき、敵陣に進入することに苦労はなかった。ただ、決定的なチャンスが訪れることもなく、41分に富所 悠のラストパスを受けた清武 功暉のシュートはGK正面を突いた。

試合展開に反してスコアレスで迎えた後半は、一転して大宮がペースを握る。攻撃でも守備でも前への意識が強く、押し込む時間を増やしていった。

その姿勢は開始早々から実り、50分にはゴール近くでのパスカットから富山 貴光がシュートまで持ち込むシーンを作ると、59分にはシンプルな攻撃から途中出場の河田 篤秀が右サイドを抜け出し、相手GKの意表を突く形で放ったシュートは枠を捉えたが、どちらもゴールにはならなかった。

それでも、大宮がペースを握り続けると、71分に待望のゴールが生まれる。左サイドで得たFKのキッカーを務めたのは柴山 昌也。背番号48が左足で蹴ったボールに田代 真一がうまく右足で合わせ、ゴールネットを揺らした。

結局この１点が決勝点になり、ホームの大宮が連敗を『２』でストップし、５試合ぶりの勝点３を手に入れた。一方の琉球はペースを握る時間は多かったが４試合ぶりの黒星に。同勝点のライバルに手痛い１敗を喫した。

［ 文：須賀 大輔 ］","沖縄各地で今年最高気温を記録した中で行われた一戦。18時半からの試合となったが、蒸し暑さと、日中たっぷりと陽を浴びたピッチ上では熱さとの戦いも強いられ、試合途中には飲水タイムも設けられた。

互いに前線からのプレスが激しい序盤。左右にボールを動かしながら、消耗戦を図ろうとする両者の思惑も見られる中、琉球は田中 恵太、徳島は白井 永地のクロスからゴールに近づこうとする。時間が経つにつれて、徳島はアタッキングサードに進入し、積極的にシュートを放つ。琉球はボランチに入った池田 廉が前線に顔を出し、敵陣でボールを握る場面が見られるようになる。

中盤にかけて、徳島は児玉 駿斗のドリブル突破から、琉球は上原 慎也の高さを生かした攻撃でゴールに近づくと、先にビッグチャンスをつかんだのは琉球。GKのキックミスを拾った大本 祐槻がカットインで鋭く進入。そのままシュートを放つがわずかに逸れた。

すると、ピンチを脱した徳島にチャンスが。児玉がペナルティーエリア内で倒されPKを獲得する。これを一美 和成が確実に決めて、38分、アウェイチームが先制する。

しかし前半終了間際、今度は琉球に光。ペナルティーエリア内へ進入した田中が倒されPK奪取。この場面で清武 功暉がしっかりとネットを揺さぶり、45＋３分に同点とした。

前半は後ろからつなぐ場面が目立っていたが、後半に入りコンビネーションからはがすシーンも見られるようになる。52分。清武との連係から中野 克哉が切り返し、左足ミドル。これがゴール左下へ吸い込まれ、琉球が逆転に成功する。

徳島はCKのこぼれ球を内田 航平が狙うもわずかに外。しかし85分。琉球からボールを奪い取り、左サイドから進入した白井がねじ込み、徳島が同点に追いつく。

しかしその１分後。足を止めなかった琉球にチャンス。左クロスを一度はカカがはね返すも、そのこぼれ球に富所 悠が豪快にミドルシュートを突き刺し、琉球が突き放す。ところが、試合はまだ終わっていなかった。90＋５分、CKから途中出場の新井 直人がヘディングで起死回生の同点弾。これが決まった瞬間、試合終了の笛が鳴り響き、両者が何度も手にしかけた白星はスルリとこぼれ落ちた。

［ 文：仲本 兼進 ］","６位・山形と21位・琉球の対戦は、前半に先制した山形が後半に畳みかけ、４－０とホームで勝利を飾った。

攻撃的なチーム同士、激しい攻め合いで幕を開けた。琉球は７分、中野 克哉がミドルシュート、10分には左スペースで沼田 圭悟のロングフィードに追いついた大本 祐槻がクロス、清武 功暉がダイレクトで合わせるシーンもあった。しかし、いずれもゴールはならず。

攻守の早い切り替えで左右からクロスを上げるシーンを作っていた山形。12分、左サイドでスローインを獲得すると、クイックで始めたボールをデラトーレが落とし、引き取った加藤 大樹がその勢いのままシュートを狙うと、相手に当たったボールが山なりの軌道でそのままゴールマウスに飛び込み、先制ゴールとなった。

後半は琉球が立ち上がりからギアを上げ、山形陣内に何度も入り込んだ。サイドチェンジから大本がミドルシュートを狙い、やはりサイドチェンジから福村 貴幸がフリーで抜け出すシーンもあった。さらに、左からのクロスを上原 慎也が折り返し、池田 廉がヘディングシュートを狙うシーンも作った。

しかし、山形の守備も集中を切らさず、追いつけずにいると、追加点は70分。ショートカウンターから加藤のクロスはファーサイドへ流れたが、小西 雄大が拾い、河合 秀人がクロスを入れるとチアゴ アウベスが頭で合わせたボールはゴールマウスに吸い込まれた。

その後も互いに決定機がありながら決め切れなかったが、79分、山形はCKの流れから小西のクロスを野田 裕喜が決めて３点目。さらに83分には琉球のCKから山形がカウンター。中央を持ち上がった鈴木 国友がそのままゴールに蹴り込んだ。

終盤に山田 拓巳が２枚目の警告を受けて退場し、山形は10人でプレーすることになったが、危なげなく試合を終わらせた。山形は２試合少ない暫定ながら今季最高の４位に順位を上げた。

［ 文：佐藤 円 ］","喜名 哲裕監督が解任となり、今節は倉貫 一毅ヘッドコーチが暫定監督を務めた琉球。リーグ前半の最後の試合は長崎をホームに迎え入れた。

試合開始から互いのゴール前は賑やかになる。長崎は、植中 朝日の単独ドリブルで相手のディフェンスラインを下げさせると、その背後を澤田 崇が突いてボックス内へと進入しシュートを打とうとする。しかし琉球の李 栄直が寸前でボールをカットしチャンスを生かせず。その直後にも左サイドで澤田 崇との連係からエジガル ジュニオが抜け出してボックス内でシュートを放つが、GK田口 潤人のセーブに遭い、ゴールには至らなかった。

DFとボランチが絡んだビルドアップで前進する両者。文字どおりの一進一退の攻防を見せる中、時計の針は32分を指したところ。長崎はCKのチャンスを得ると、加藤 大のアウトスイングのボールに江川 湧清が頭で落とし、最後は奥田 晃也がフィニッシュ。アウェイチームが均衡を破り、前半を折り返す。

ハーフタイム明け、琉球はケルヴィンを投入し攻撃陣をテコ入れする。長崎は選手の交代なく、残りの45分がスタートした。

後半、押され気味の琉球は細かいパス交換から敵陣へ進入し、ペナルティーアーク付近でFKのチャンスを手にした。58分。上里 一将は左ゴールエリア手前でフリーになっていた野田 隆之介にグラウンダーのパスを送り、そのままダイレクトでシュート。デザインされたプレーは同点ゴールへと結びついた。

その後、琉球はＪリーグデビューとなるベトナム国籍のファム バン ルアンを投入。その直後、長崎もクリスティアーノを入れてすぐさまロングカウンターから一気にゴールを狙う。

終盤に差しかかった82分。琉球はゴール前でケルヴィンが直接FKで狙うもクリアに遭う。長崎はクロス攻撃を仕掛け、前線が圧力を掛ける。最終盤にかけて激しい攻防戦が繰り広げられる中、90＋２分。村松 航太の右クロスに合わせた米田 隼也がヘディングシュートを鮮やかに決め、長崎が勝ち越し。１点差を守り切った長崎は今季二度目の２連勝。ホーム戦３試合連続でアディショナルタイムに被弾した琉球は２連敗を喫した。

［ 文：仲本 兼進 ］","３連勝を目指す岡山がシティライトスタジアムに５戦未勝利の琉球を迎えた一戦は、劇的な結末で幕を閉じた。

前半は琉球がボールを握って攻めていく。自陣から細かくパスをつないで岡山を押し込み、９分に武沢 一翔がミドルシュートを放った。21分には中野 克哉が右サイドから切れ込んで左足を振り抜く。シュートは枠を捉えるも、岡山のGK堀田 大暉がストップした。

岡山は堀田、ヨルディ バイス、柳 育崇を中心に粘り強く守ると、縦に速い攻撃でゴールに向かった。27分、相手からボールを奪ったチアゴ アウベスがハーフウェーライン付近からロングシュートを狙う。その２分後にはチアゴ アウベスのスルーパスに抜け出したハン イグォンが左サイドから切れ込んでシュートを放ったが、相手DFのブロックに遭った。

琉球は39分に野田 隆之介がペナルティーエリア左からゴール前に折り返すと、ケルヴィンがフリーで合わせたが、ここもGK堀田が冷静にシュートをはじいてピンチをしのいだ。

後半、岡山はミッチェル デュークを投入。背番号15の高さと強さを使って攻めていくが、ラストパスが合わない。琉球は前半と同様にパスをつなぎ、52分に中野がゴール前でオーバーヘッドシュートを放つ。56分にはこぼれ球を拾ったケルヴィンがミドルシュートを打つも、またもGK堀田が立ちはだかった。

きっ抗した状況を打破するべく、両チームは積極的に選手交代を行っていく。ともに５枚の交代枠を使い切って最後までゴールに向かっていくと、岡山が終了間際に均衡を破る。ゴール前に入れたボールを途中出場の宮崎 幾笑が押し込んだ。

勝利した岡山は今季二度目の３連勝を達成。敗れた琉球は３連敗となった。

［ 文：難波 拓未 ］","ナチョ フェルナンデス新監督が率いる琉球、２連勝を狙う町田のどちらも前節と同じスターティングメンバーを組み、18時33分、試合開始の笛が鳴らされた。

立ち上がりから球際での攻防を繰り広げる両者。琉球は敵陣でボールを奪いショートカウンターを繰り出すと、左SB沼田 圭悟のクロスから野田 隆之介と中野 克哉が立て続けにヘディングでゴールを狙う。しかし、先制点には結びつかない。

対する町田は、琉球のハイラインの裏を突くロングボールで裏返すと、一気にアタッキングサードまで進入。左右からのクロスで琉球ゴール前を脅かした。

試合が動いたのは飲水タイム明けの28分。町田は敵陣右サイド側でFKのチャンスを手にすると、キッカーの平戸 太貴がペナルティーエリア内右へ浮き球のパス。これを高橋 祥平が後ろ向きで頭に当てると、ボールはGKの頭上を越えてゴールイン。アウェイチームが先制点を奪った。

前半終了間際にも町田は相手のバックパスを奪って一気にゴール前まで進入し、GKとの１対１の場面で太田 修介がシュートを狙うも、決め切れず。前半は町田の１点リードで終える。

後半に入っても球際勝負の状況が続き、両者ともフリーでボールを持つ時間があれば一気に縦パスを入れて敵陣へと進入。町田は右サイド側のFKから平戸がグラウンダーのシュートを放つも、GK田口 潤人の好セーブによって追加点ならず。対して琉球は、足を止めずにボールを追いかけた中野がショートカウンターを発動させて決定機を演出するも、フィニッシュには至らず。さらに縦パスを追った野田がGKをかわしてゴールを無人とさせるも、ボールが右サイドへと流れてシュートにつなげられなかった。

後半アディショナルタイム直前、宇野 禅斗が負傷して10人となった町田。しかし、カウンターを狙う鄭 大世が意表を突くロングシュートを放ち、ボールを自陣から遠ざける。最終盤、琉球は右からのクロスでゴールを奪いにかかるも、決め切れず。タフな一戦は町田が粘り勝ちし、貴重な勝点３を手にした。

［ 文：仲本 兼進 ］","電光石火の得点から試合はスタートした。２分、東京Ｖ陣内でのスローインを奪った琉球が早いタイミングでクロスを入れる。右SBの馬場 晴也が触るが、それを拾ったケルヴィンが粘ってシュートをねじ込んだ。アウェイの琉球が先制する。

シーズン途中で指揮官が変わった両者。琉球のナチョ フェルナンデス監督は就任２試合目で、東京Ｖの城福 浩監督は就任して公式戦４試合目だ。戦術の練度の差が出たか。その後は東京Ｖがハーフコートゲームに持ち込んだ。

流動的にポジションを入れ替えながら、琉球のプレッシャーを外して前進していく。馬場と深澤 大輝という両SB、東京Ｖアカデミー育ちで本職はCBの２人が、攻撃になると中央や前線に上がって相手に混乱を生じさせた。

好機は多く作ったものの、なかなかゴールが決まらない東京Ｖ。それでも42分、梶川 諒太のサイドチェンジを受けた新井 瑞希が左サイドからクロスを入れると、DFの間に位置取った佐藤 凌我がヘディングで合わせて流し込んだ。東京Ｖが同点に追いついて後半を迎えた。

足を痛めていた山本 理仁に代えて加藤 弘堅を入れ、さらに55分から河村 慶人を入れて明確に２トップにして攻勢を強めたホームチーム。変わらず琉球を自陣にクギづけにした。後ろから選手が湧き出るアグレッシブスタイルで逆転ゴールを狙った。

それでも田口 潤人、李 栄直、池田 廉などを筆頭によく守った琉球の牙城をなかなか崩し切れない。

攻め続けた、走り続けた、戦い続けた東京Ｖに歓喜の瞬間は83分、この日何度も突破していた新井がペナルティーエリアの角で前向きに受けると、カットインしてシュート。伝家の宝刀がゴールネットに突き刺さり、新井はゴール裏に駆けた。

最終ラインにも足をつる選手が続出したタフゲームは、そのままタイムアップ。力を出し尽くして勝利した東京Ｖは２試合ぶりの勝点３、対して琉球は８戦勝ちなしと苦しい。

［ 文：田中 直希 ］","中２日でのアウェイ戦となった琉球は前節から５人を入れ替え、前節で先制ゴールを奪ったケルヴィンを２トップの一角に据えた。迎え撃つ岩手はターンオーバーを継続し、８人を入れ替えた。

立ち上がりからリズムを握ったのはホームチーム。開始１分でCKを得ると、牟田 雄祐が頭で合わせてファーストシュートを記録する。その後も左の奥山 洋平、右の加々美 登生がサイドをえぐり、クロスからチャンスを作る。琉球はこの試合も早いタイミングで前線に長いボールを入れ、高い位置で起点を作る意図を見せるが、岩手のディフェンスラインの高さ、早いプレスバックに阻まれ、攻撃の糸口をつかめない。ペースは握りながらも、決定的なチャンスには持ち込めなかった岩手に対し、琉球がセットプレーからワンチャンスをモノにする。37分、右からFK。清武 功暉が低い弾道でGKとディフェンスラインの間に入れ、大森 理生が合わせた。

岩手はハーフタイムでブレンネル、中村 充孝という攻撃的なカードを切ってゴールを目指す。そのブレンネルを起点に攻め込む岩手はセットプレーなどからチャンスを作り、再三にわたってフィニッシュへの形は作った。リードの琉球はより徹底して長いボールを相手陣内へ送り、オープンな展開を避けながら時計を進めるが、岩手も前への圧力を強め、両サイドから鋭いクロスを送る。それでも琉球ディフェンス陣は体を張って最後は自由にやらせない。アディショナルタイムにはブレンネルの際どいシュートをダニー カルバハルが素晴らしい反応で阻止するなど、ゴールを死守した琉球は連敗をストップさせ、９試合ぶりの白星。６試合無敗だった岩手に土を付けた。

［ 文：髙橋 拓磨 ］","前節の岩手戦で９試合ぶりに勝利した琉球。連勝を懸け、今節はホームに仙台を迎え入れた。

琉球は前節負傷退場した沼田 圭悟と清武 功暉に替わって、田中 恵太と阿部 拓馬がスタメン入り。仙台は前節の甲府戦で１ゴールの中島 元彦が帯同せず、鎌田 大夢が明治安田Ｊ２第19節・栃木戦以来の先発となった。

５分、仙台は右サイドから攻め込み、オーバーラップを仕掛けた真瀬 拓海が積極果敢にシュート。相手DFに防がれるも、そのボールにいち早く反応した真瀬が再びシュート。今度はしっかりとネットを揺らし、アウェイチームが早々にリードを奪った。

先制パンチを食らった琉球だが、失点後は守備が安定。何度もオフサイドトラップを仕掛けて相手の動きを制限。攻撃では阿部のクサビのパスから両サイド攻撃を促し、ケルヴィンや中野 克哉がシュートチャンスを生み出す。

しかし前半終了間際、仙台は加藤 千尋が倒され、PKを獲得。この絶好の場面で加藤自らキッカーを務め追加点を狙うも、GKダニー カルバハルが窮地を救うビッグセーブを演じ、１点差のまま前半を折り返した。

前半早々に失点した琉球。しかし、後半開始直後の47分にやり返す。敵陣で奪われたボールを即時奪回し、右サイドから上原 牧人がクロス。ボックス内で放ったケルヴィンのシュートはGK杉本 大地にはね返されるも、そのこぼれ球を中野が押し込み、試合を振り出しに戻した。

その後は、下から巧みにつなぐ仙台、そしてカウンターを狙う琉球という構図となり、そこから狙いどおりにゴール前まで接近したものの、互いにシュートチャンスを生み出せない。しかし80分過ぎになって左サイドから駆け上がった大本 祐槻がミドルシュートを打てば、仙台も直接FKから富樫 敬真、さらに中山 仁斗が積極果敢にシュート。ただ、いずれも枠を捉え切れない。

琉球は最終盤にも人見 拓哉がボックス内からゴールを狙うが、GK杉本が死守し、最後まで一進一退の攻防が繰り広げられた一戦は、勝点１を分け合う結果に終わった。

［ 文：仲本 兼進 ］","21位の大宮を勝点４差で追う22位の琉球。Ｊ３自動降格圏内にいる両者の直接対決がタピック県総ひやごんスタジアムで繰り広げられた。

奪ったボールを素早く前線へ送る両チーム。前半、先にチャンスを作ったのは大宮だった。敵陣で阿部 拓馬からボールを奪い、最前線の富山 貴光にラストパスを送ると、対角線上のシュートを放つ。しかし、わずかに左枠を逸れ、先制点とはならなかった。

その直後、今度は琉球に好機が到来。右サイドをドリブルで駆け上がった阿部のクロスから池田 廉がシュート。さらにボールを奪取した阿部がショートカウンターを仕掛け、最後は武沢 一翔がミドルシュートを放つ。ただ、いずれもゴールまでには至らず、再三のチャンスを生かせなかった。

30分以降、大宮が反撃開始。古巣対決となる武田 英寿を中心に、細かいパスワークでアタッキングサードへと進入すると、CK、FKを奪い琉球を脅かす。さらに武田はこぼれたルーズボールを奪ってシュートにつなげるシーンを作り出し、ゴールのにおいを漂わせたものの、前半はスコアレスで折り返す。

両者ともメンバーの入れ替えはなく、迎えた50分。琉球は自陣で奪ったボールを中央の阿部に預けると、左サイドを全速力で駆け上がった大本 祐槻へ託す。クロスにファーサイドから飛び込んだ金井 貢史が右足で合わせ、ホームチームが試合を動かす。

ところが61分、今度は大宮に決定機。途中出場の河田 篤秀がファウルを受けて得た直接FKの場面で、武田が鋭く右枠のスミを狙う。ボールはクロスバーに直撃したものの、こぼれ球を菊地 俊介が押し込み、すぐさま振り出しに戻した。

攻勢を強める大宮は、左サイド深い位置から小野 雅史がクロス。ニアサイドで河田が頭で合わせたが、これは惜しくもゴールならず。対して琉球は、人見 拓哉を入れて攻撃陣をテコ入れ。自ら突破を図りシュートまでつなげるも、枠を捉えられなかった。

試合終了まで繰り広げられた一進一退の攻防。勝利への執念を見せた両者だったが、スコアは動かず。勝点１を分け合う結果に終わった。

［ 文：仲本 兼進 ］","スペイン国籍指揮官、激突。

メンバー表に目を向けると、徳島は「いまは日本に来てから一番調子が良い」というコメントを試合前に残したムシャガ バケンガを先発起用し、ベンチには福岡から加入した杉本 太郎が早速メンバー入り。琉球は長期離脱から復帰し、コンディションを上げ始めたストライカーの阿部 拓馬を３試合連続で先発起用した。

立ち上がり早々にチャンスをつかんだのは徳島。やや前がかりなスタートを切った琉球に対し、徳島は杉森 考起が相手を裏返すようなパスで背後を狙ってムシャガ バケンガを生かす。決定機に至るが、GKの飛び出しに阻まれて決め切れず。その後は徳島がボールを保持し、琉球がブロックを形成しながらラインアップを繰り返すようなにらみ合いが長時間続く。サイドチェンジからスペースを生かそうとする徳島に対し、SBが懸命にスライドしながら押し返して縦に運ばせない琉球というゲームの構図。ただ、次の決定機は琉球だった。FKのこぼれ球から阿部が見事なボレーシュート。だが、枠を捉えたシュートは新井 直人のヘディングでのクリアに防がれ、前半はスコアレスで折り返す。

後半もこう着状態が続く中で、徳島は西谷 和希と杉本を投入して圧力を増す。直後にその２人が絡んだプレーから決定機が生まれるなど効果抜群の采配。琉球もほぼ同時のタイミングでサダム スレイと福村 貴幸を投入し、大本 祐槻を右サイドハーフにポジションチェンジする変更も加えた。徳島はさらに圧力を増すため、一美 和成と藤尾 翔太を投入。琉球も上原 慎也を投入し、サダム スレイとの２トップに託す。両者、打てる手は尽くした。

残り10分は両者とも好機を創出し、決定機が増加。徳島はほぼラストプレーで一美のシュートがポストを叩き、ゴールへあと一歩まで迫ったが、最後まで試合は動かずにスコアレスドロー。勝点１ずつを積み上げた。

［ 文：柏原 敏 ］","台風５号の影響もあり、ときおり強い風と雨に遭いながら行われた一戦。４戦負けなしの琉球は前節から２人、３連勝中の熊本は１人入れ替えて臨んだ。

前半、風上に立つ熊本は長短のボールを巧みに繰り出しながら果敢に背後を狙う。一方の琉球は阿部 拓馬とサダム スレイの２トップに当て、積極的に前へボールを入れた。

序盤からきっ抗した展開が続いたが、15分に熊本がCKから髙橋 利樹が両チームを通じて初のシュートを放つ。そして20分以降になると、熊本は右サイドをこじ開けようと深い位置まで進入したものの、フィニッシュで精彩を欠いた。

守勢に回る琉球だったが、36分にチャンスを迎える。ゴールキックから前線でサダム スレイがクサビのパスを阿部に送ると、ボックス内中央でループシュート。GKの頭上を鮮やかに超えてネットを揺らし、琉球が先制点を奪った。

１点差で折り返した後半に入っても、琉球の勢いは継続。48分、左から攻め、深い位置まで進入した中野 克哉が左足でクロスを上げると、ファーサイドで待ち構えていたサダム スレイがドンピシャでヘッド。ボールはゴール左スミのネットを揺らし、琉球が追加点を挙げる。

熊本も前半から再三繰り出すロングボールからチャンスを作り、イヨハ 理 ヘンリーのクロスに菅田 真啓が中央で詰めるもゴールに届かず。さらに熊本は途中出場のターレスが快足を生かすが、岡﨑 亮平の攻守に遭い１点が遠い。

終盤にかけて猛攻を仕掛ける熊本、粘り強く守り切る琉球という構図が見られる中、このままスコアは動かず試合終了。ナチョ フェルナンデス新体制となって琉球はホーム戦初勝利。熊本は今季初の４連勝とはならなかった。

［ 文：仲本 兼進 ］","ホームの甲府が３試合ぶりの勝利を３試合ぶりの複数得点で挙げて、５試合負けなしの琉球に土をつけた。ともに新型コロナウイルス感染症の影響を受けているチームだが、ホームの甲府は最大11人いた感染者が戻り、コンディション面を無視すれば見た目のメンバーはベスト。試合の入りが良かった甲府は９分にヒヤリとする場面があったが、おおむね主導権をとり続け、22分に宮崎 純真のシュートを相手GKがはじいたところを長谷川 元希が詰めて先制。待望の先制点を取った甲府はそのまま勢いを保ち、クロスを琉球のDFがハンドして得たPKを28分にウィリアン リラが決めて２－０。８分後にもPKを得た甲府は、そのきっかけを作るドリブルで切れ込んだ宮崎がプロ初のPKを決め、開始36分で３－０と大量リード。

しかし、サダム スレイという191センチのターゲットがいる琉球はクロスを積極的に入れていくことで盛り返し、42分にサダム スレイが大本 祐槻のクロスに競り勝ってヘディングで１点を返す。さらに後半開始直後の48分には、クロスからゴール前でこぼれたボールを中野 克哉が蹴り込み、２－３と１点差に追い上げた。

甲府としてはここで追いつかれるとメンタル的に相当に厳しくなることが明白だったが、61分に投入された三平 和司が、68分に荒木 翔のクロスを頭で合わせて琉球を突き放す。琉球は前線に高さがある選手をそろえてクロスから追加点を狙ったが、88分に甲府の鳥海 芳樹がダメ押しの５点目を決めて完全に突き放し、得失点差を－３からゼロに戻す勝利を挙げた。

［ 文：マツオ ジュン ］","立ち上がりから長崎がややボール保持で上回る展開。ただ、琉球もブロックを敷いた守備で対抗。どちらも決定的な形が作れないまま、時間が経過していく。

先制は長崎。23分、クリスティアーノが右からクロスを入れるとゴール前でフリーになった澤田 崇が見事なトラップから左足で流し込んだ。

琉球も30分、クロスに合わせたサダム スレイのヘディングが大きく浮いたところをあきらめずに追った上原 牧人が右サイドからダイレクトで折り返すと、ケルヴィンがフリーで合わせるがシュートは枠を捉えることができなかった。

長崎は前半終了間際に追加点。こぼれ球を回収し、その流れから山崎 亮平が左サイド深い位置に進入。ゴール前にラストパスを送るとクリスティアーノが合わせて、ゴールネットを揺らした。

後半は追いかける琉球が良い出足を見せる。58分、ゴール前のクロスをサダム スレイが競ると、こぼれ球を大本 祐槻がシュート。これに反応した人見 拓哉が押し込み、１点差に追い上げる。さらに68分、背後を取った阿部 拓馬のシュートはブロックされるも、そのこぼれ球を再度拾いパス。走り込んだ人見がダイレクトで押し込み、琉球が同点に追いつく。

琉球は87分、CKから波状攻撃で押し込みにかかるが、長崎も決死の守備で得点を許さない。勝点１を見据えてブロックを作りながら前に掛かる長崎の背後を狙い始めた琉球は、89分にカウンターからサダム スレイが逆サイドに展開。パスを受けた大本のクロスにサダム スレイが頭で合わせて、琉球がついに逆転に成功する

それでも、長崎は終了間際にPKを獲得。しかし、植中 朝日のキックを琉球GKダニー カルバハルがビッグセーブ。琉球が劇的過ぎる逆転劇で勝点３をつかみ取った。

［ 文：杉山 文宣 ］","降格圏から抜け出したい琉球は２連勝を目指し、Ｊ１参入プレーオフ圏内を目指す山形は４連勝を懸けて。負けられない戦いがタピック県総ひやごんスタジアムで繰り広げられた。

３試合連続ゴールを決めていたサダム スレイが出場停止の琉球。阿部 拓馬と前線でコンビを組んだのは８試合ぶりの先発となる野田 隆之介。一方の山形も、開幕から先発出場を続けてきた山﨑 浩介が累積警告で出場停止のため、先月に長野から加入し、前節でＪ２デビューを飾ったばかりの喜岡 佳太が初スタメンとなった。

序盤から縦への意識が強く、攻守の切り替えが早い両チーム。山形のディサロ 燦シルヴァーノがボックス内で存在感を示せば、琉球もしっかりと相手の攻撃をブロックし、カウンターを狙う形が見られた。その中で９分、琉球が早速試合を動かす。右サイドでオーバーラップを仕掛けた上原 牧人がグラウンダーのクロスを送ると、中央で待ち構えた野田 隆之介には合わなかったが、ファーサイドで阿部がゴールを捉え、ホームチームが先制する。

ビハインドを背負った山形は、右CKからディサロがヘディングシュートを放つが、GKダニー カルバハルの好セーブに遭い、同点とはならず。その後も左右にボールを動かしながら揺さぶる山形だったが、なかなかディフェンスラインの背後にボールが行かず、崩し切れない。さらにディサロが負傷交代するアクシデントにも見舞われ、前半は流れを引き戻せなかった。一方の琉球も、再三シュートチャンスは作ったものの決め切れず。１点差のまま前半が終わり、そして怒とうの後半が幕を開ける。

序盤は相手のミスを突いて琉球が攻勢に出るも、山形はチアゴ アウベスを投入した55分以降からペースをつかむ。すると64分、左サイドからチアゴ アウベスが突破してクロスを送ると、デラトーレが右足を振り抜いて同点とした。

しかし直後の65分、琉球が反撃。途中出場のボランチ・武沢 一翔が左へ運んでクロス。逆サイドから走り込んだ人見 拓哉がヘディングで決め、再びリードを奪う。

ところが81分。山形は再び左サイドを攻略し、古巣対戦となる河合 秀人のクロスから再びデラトーレが決めて２－２に。さらに山形は後半アディショナルタイム、左クロスからペナルティーエリアへ走り込んだ藤原 悠汰が倒され、PKを獲得。前節の長崎戦同様、窮地に陥った琉球。しかし、前節その危機的状況を救ったダニー カルバハルが再びゴールを守り切り、このまま試合終了。ともに決定打はなく、勝点１を分け合った。

［ 文：仲本 兼進 ］",,"当初は18時30分キックオフ予定だったが、台風11号の接近に伴い13時キックオフに変更。強い風が上空を舞う中、タピック県総ひやごんスタジアムで熱戦が繰り広げられた。

前半、風上に立ったのは秋田。敵陣へのロングボールで一気にチャンスを作り出す戦い方を貫き、すぐさま中村 亮太が風の力も利用して遠めからシュートを放つ積極性を見せる。対する琉球は最前線のサダム スレイに当ててセカンドボールを拾い、背後を狙って攻め込んだ。

互いに明確な狙いを示す中、試合が動いたのは秋田の左CKの場面から。12分、茂 平のインスイングのボールをニアサイドで中村が頭でフリックすると、これが直接ネットに吸い込まれ、アウェイチームが先制点を奪った。

追いかける琉球は敵陣右サイドでFKのチャンスを得ると、富所 悠のキックに大森 理生がニアサイドで合わせる。しかし、シュートはGK田中 雄大の正面を突き、同点弾とはならず。その後は目立ったチャンスはなく、秋田の１点リードで試合を折り返した。

後半に入り、追い風を受ける形の琉球が攻勢に出る。左サイドハーフの大本 祐槻が起点を作ると、クロスに人見 拓哉が合わせるが、再び田中 雄大の好セーブに遭い、ゴールならず。琉球は66分にケガ明けの草野 侑己を投入して矛先を尖らせるも、自陣でがっちりとブロックを敷く秋田の牙城をなかなか崩せない。

猛攻を仕掛ける琉球は、相手のブロックを崩すべく内外とボールを動かしながらシュートコースを作り出してゴールを狙うが、秋田も集中を切らすことなく、田中 雄大を中心とした粘り強い守備を披露。強風の中、最後まで中村のゴールを守り切った秋田がクリーンシートで３試合ぶりの勝利を飾った。

［ 文：仲本 兼進 ］","２位の新潟が、デンカビッグスワンスタジアムに22位の琉球を迎えた一戦。声出し応援エリアが設置されたスタジアムには、1021日ぶりにサポーターのチャントが響き渡った。

新潟は前節から先発４名を変更。コンディション調整のため、左SBは堀米 悠斗に代わり、渡邊 泰基が起用された。琉球は７名を変更。加藤 恒平は加入後初先発。ケガから復帰した草野 侑己は野田 隆之介と２トップを組んだ。

序盤は琉球がロングボールで新潟の背後を狙い、セカンドボールを取り合う落ち着かない時間が続く。しかし20分頃からは新潟がボールを握って、得意のパスワークで琉球陣内に押し込み、一方的に攻め込む。20分に伊藤 涼太郎、21分に松田 詠太郎、22分にCKから藤原 奏哉と立て続けにシュートを打つが、点を奪えない。その後も34分、38分の谷口 海斗、42分の高木 善朗のシュートも不発で、０－０のまま前半を終える。

デンカビッグスワンスタジアムの屋根から中秋の名月が顔をのぞかせた後半も、新潟が深くまで攻め込む。すると55分、敵陣左でのスローインを獲得。渡邊の得意なロングスローはDFの頭を越え、これに反応した高木が蹴り込み、ホームチームが先制点を奪う。
高木は早速、仲間たちとゴール裏に走って、サポーターと喜びを分かち合った。

流れを変えたい琉球は59分、サダム スレイ、池田 廉、大本 祐槻を投入。63分、サダム スレイが仕掛けるが、トーマス デンが対応してシュートは打たせない。押し込んだ流れで２本のCKを獲得した琉球だが、攻め切れない。

その後もボールを支配する新潟、中盤にブロックを組んで守備からスキをうかがう琉球。74分、上原 牧人のクロスからサダム スレイが反転シュートを放つが、小島 亨介が止める。

すると、次の得点も新潟。75分、中央で伊藤からのパスを受けた高木がこの日２点目。さらに85分、途中出場のアレクサンドレ ゲデスが、ドリブルから加入後初ゴールを決めて、３－０と突き放す。

アディショナルタイムは３分。サポーターが歌う『愛してる新潟』のチャントが響く中、３－０で、ホームチームが勝利の瞬間を迎えた。

［ 文：野本 桂子 ］"
"[ ランコ ポポヴィッチ監督 ]
試合前から難しい、タフな試合になることは予想していました。開幕からすべてがうまくいくとは思っていませんでした。選手たちに対しても、自分たちの思うようにいかなかったとしても、焦れずに戦おうという話はしてきました。

もちろん、相手もしっかりと戦ってきましたが、われわれの選手間の距離感が良くない時間帯も多かったと思います。またセカンドボールの部分も相手に拾われることが多く、セカンドボールを回収して、２次攻撃につなげることがわれわれの良さでもありますが、すべてが思ったとおりにはいかなかった試合でした。最後の10分は高い位置からプレッシャーを掛けて、ボールを早く動かすことはできていましたが、昨季を通してもこれほどバックパスの多い試合はなかったと思います。それぐらい前への選択肢があるのにバックパスを選んだことが前への推進力を、スピード感を出せない原因となりました。

もちろん、われわれの選手たちは非常によく戦ってくれました。ただわれわれの力を考えると満足するわけにはいきません。もっと力を持っている選手たちですし、もっと良いものを見せて、良い結果を得なければいけないというのが私の率直な思いです。

ただ周りの声は気にせずに、われわれのやるべきことに集中して全力を出すことが今後も重要になってくると思います。地に足をつけてこれからも前進していくべきですし、最後の10分で見せたものがわれわれの真の姿です。それを90分間やり続けることは難しいですが、昨季はそれができることを証明し続けてきたわけですから、次の試合に向けてまた良い準備をして、われわれの良さを出せるようにしていきたいです。","[ 喜名 哲裕監督 ]
まずホームゲームで多くのお客さんが来た中で選手を後押ししてくれて本当に感謝しています。ただホームなのでもちろん内容もですけど、やはり勝点３を皆さんにプレゼントしたかったなというのがいまの率直な気持ちです。

試合に関してはやはりセットプレーで少し試合を難しくしたかなという印象です。先制点を取られ、相手がブロックを敷いてきたところで、もう少し自分たちでボールを保持しつつ左右に揺さぶりながら空いたところを縦パスだとか、そこに入れたところでスイッチを入れながらだとか、そういう攻撃の部分で少し変化が必要だったかなと思います。後半に関しては途中から入った選手も非常にアグレッシブにプレーしてくれましたし、そこの精度をもう１段階上げながら次に向かってしっかりやっていきたいと思います。次もホームなので、次こそ本当に勝点３を取れるようにしっかり良い準備をしていきたいと思っています。","[ 喜名 哲裕監督 ]
ホームでは絶対に許されない連敗を喫してしまったこと、すべての責任は自分にあると思っています。ただ試合を通して前節まで見られなかったゴール前までの進入回数であったり、シュートの回数だったり、その辺りは見られた部分はあったので、そこはしっかりポジティブに捉えて、次に向けてしっかりまた良い準備をしたいと思います。

ただ守備のところでやはり緩さがあったりだとか、周りの連動性だったりとか、時間帯でうまくいかなかったときにやっぱりああいう失点が起きるので、その辺もまた次に向けてトレーニングから修正してやっていきたいと思います。本当に下を向いている時間もないので、次に向けてしっかりやっていきます。","[ 名塚 善寛監督 ]
いろいろな意味で、前半後半含めて波がある試合だったと思っています。特に立ち上がりは良い入りができて、押し込む場面も数多くできた中で点を取ることもできた。ただセットプレーで追いつかれたところも含めて、まだまだなのかなと思っています。

ただ、「もう一度ギアを入れよう」と言って後半に入ったので、そういう意味では立ち上がりに点を取れたのは良かったとは思いますけど、ゲームの運び方や、ちょっと足が止まってしまった部分も含めて、今後はゲームをコントロールすることが大事だと思っています。ホームだったので非常に悔しい敗戦です。

－－足が止まった要因はどこにあると感じているか。
暑さもありますし、前半を含めてもう少しボールを動かすこと。ちょっと急いで狙い過ぎてしまって相手ボールになってしまうということが多々あったかなと思います。そこも含めてゲームをコントロールする、どこで差すっていうところ、もっと相手を走らせてっていう前半だったと思います。そこが琉球さんに後半の勢いをもたらしてしまったところだと思います。

－－前を向けなかったり、ターンできなかったりして簡単に下げるプレーも目に付いたが。
そこも含めてもっと見ないといけない。せっかく良いところに立っていて良いボールが入っているのにそこで前を向けないと遅攻になってしまって相手も帰ってきてしまう。そこも含めて、もっとスピーディーに一発でターンするとか、あとはボールホルダーもそうですけど、周りのパスを出した選手も含めてもっと声をかけないといけないです。ただ、そういう意見はハーフタイムに選手間でも出ていました。そこも成長していかないといけないとは思っています。","[ 喜名 哲裕監督 ]
今日の試合もセットプレーで先制されて難しいところはありましたけれども、そのあとしっかりチームとして落ち着いてボールを動かしながら、相手を揺さぶりながらゴールに向かうことができた中で、ああいう１点目が生まれたことは、チームとしてやろうとしていることが出たと思います。

ただ、後半に関してはもちろん相手のハイラインに対してそこの背後ばかりを気にしてしまい、少しボールを落ち着かせる時間が前半に比べて少なかったかなという印象を持っています。もちろん相手がハイプレスでくる中でもう少し落ち着けばスペースが生まれる場面も多かったのですけど、自分たちが慌てて仕掛けていった中で、ボールを奪われた回数がちょっと多かったかなというのがあります。

そしてもう１つ、やはりセカンドボールの反応であったりだとか予測であったりだとか、そこの強度の部分で今日は水戸さんのほうが上回っていた感じがあったので、本当にすぐ水曜日に大分戦があるのでそこをしっかり修正して、次に向けてやっていきたいと思います。","[ 下平 隆宏監督 ]
ホームでやっと勝点３が取れてホッとしているし、サポーターの皆さんと一緒に喜び合えたことをシンプルにうれしく思う。

今日はメンバーを少し替えた中でシステムとやり方も変えて臨んだ中で、まず出た選手が頑張ってくれた。良い形で先制して２点目も取れたところから、自分たちのミスが続いてちょっと相手のペースになったときに失点してしまったのは、良い前半の流れを相手に持っていかれることになってしまったので、そこは非常にもったいなかった。

後半からまた選手たちがしっかりと自分たちのやるべきことを遂行してくれて、３点目、４点目と良い形で取れて、今日は終始落ち着いてゲームができたという印象。ただ、やっと１勝なので、ここからまた選手たちと一体感を持って、一緒に長いリーグ戦を戦っていければと思っている。とりあえず、勝って本当に良かったと思っている。

－－大分の監督として初勝利。感想は。
素直にうれしく思う。自分というよりも選手たちが本当に頑張っていたので、やっと勝点３を取らせてあげられた、勝利を彼らに届けさせることができたと、そういう思いのほうが強い。あとはやはりサポーター。戦績の悪いときもこうして常に応援していただき、本当に勝ちを届けたいという思いがずっとあったので。選手にも応援してくださる方々にも、まずは一息ついてもらうことができたかなと思う。","[ 喜名 哲裕監督 ]
平日開催でお客さんが来ていただいた中、結果が出なかったことは本当に強く責任を感じています。

試合の入り方としてチームとしてやりたいことをしっかりできましたし、先制点から追加点を奪いにいこうという中で本当に選手たちはすごくトライしてくれたと思います。ハーフタイムには「アグレッシブにプレスを掛けて前半と同じような形で点を取りにいこう」と声をかけて臨んだのですが、後半に入り全体的に後ろに重くなってしまい、なかなか相手コートでプレーする回数が少なかった。そこで相手の勢いに少し押されてきているような展開となり、失点が続いてしまいました。

すぐ日曜日に横浜FC戦があります。下を向かず全員で乗り切ってしっかりトライしたいと思います。","[ 四方田 修平監督 ]
サポーターの皆さんが寒い雨の中来てくださったので、なんとかプレーで熱くなって勝って喜んで帰ってもらいたいなという思いで、選手一同頑張って結果を出せて良かったと思います。

今日は素晴らしい入りができて、特に攻撃の連動性、幅を広く使った攻撃、取られたあとの切り替え、守備の強度も含めて、ここ数試合の中では一番良い入りをすることができた。結果的に、そこが（序盤に）３－０になった要因だと思いまし、そこでゲームを優位に進められたので、まずはそこを評価したいと思います。ただ、ハイプレスをかいくぐられてピンチになる場面が前半の中盤くらいから見受けられた。その辺は、ガブリエウも入って、後ろのところの、人に行くところとカバーするところ、その辺のマッチアップの連係をもっと高めていかなければいけない。ただ３－１になって、２点差は一番危ない点差ということで、ここ数試合は２－０から１点返されたりして苦しい試合をしてきたので、「この２点差はもう１回試されている。失点せずにいかに追加点を取れるかが試されている」という話をした。選手が我慢強く、大味にならずにやってくれて、後半を無失点で終えることができたと思っています。

まだまだ内容的には高めていきたいところはたくさんありますが、シーズン通して取り組んで、終盤にもっと強い力を見せられればと思っています。

－－試合前に選手にどんな声かけをしたのか？
やっぱり連戦を苦労した中で２勝できて、そこの価値を上げるためにも最後の３試合目で結果を出すことが大事だと。そこは相手うんぬんじゃなくて自分たち次第で、特にメンタルのところ、サッカーの原点になるようなところが一番攻守を支えているから、まずはそこをしっかりやっていこうということで送り出しました。","[ 喜名 哲裕監督 ]
今日バスでスタジアムに入るとき、サポーターの皆さんが素晴らしい空気を作っていただいて、選手を後押ししてくれたことに本当に感謝したいと思います。

試合としては前半の立ち上がりからしっかり自分たちでボールを握ること。相手が前から来てもしっかり焦れずに、自分たちの時間を作りながらしっかり攻撃していこうという中で、本当にそこに関しては選手が非常によくトライしてくれました。その中で前半に２得点が生まれましたし、そこはしっかり継続して今後も続けていきたいなと思います。ただ、やはり前々節もそうでしたけど最後の５分間、残り５分の戦い方とか、そういうもったいない失点シーンが続いているので、しっかり修正してやっていきたいと思います。

後半も、ハーフタイムでしっかり３点目を奪いにいこうという中でチャンスも作れました。相手GKの素晴らしいセービングがあった中で得点は奪えなかったですけど、その姿勢は本当に評価したいと思います。セットプレーだったり、そこで失点してしまったことは少しもったいなかったのですけど、今までと違って３点目を取りにいくところで全体の気迫だったり戦う姿勢だったり、そこは本当によくピッチで出してくれた。そこをしっかり今後も続けていきたいなと思います。

この勝点１をしっかりポジティブに捉えながら、まずは連敗を止めたということで、次に向かってしっかり準備をしたいと思います。","[ 喜名 哲裕監督 ]
ホームで勝てなかったこと。本当にそこに関して強い責任を感じています。前半の入りからしっかりとボールを動かしながら、自分たちのリズムを作りながらやった中で開始早々の８分に先制点を取られて、そこから相手の堅い守備というところで少し難しさが出たなというのは感じました。

自分たちがしっかりボールを動かして、焦れずにできたことはできたのですけど、やはり最後のアタッキングサードのところでの出入りだったり、その辺のアクションが生み出せなくて、シュートの場面もなかなか作り出せなかったかなという、そういう印象を持った試合でした。後半もしっかり途中から入った選手も含めて点を奪いにいく姿勢というのは見えた部分があるので、そこはもう次の試合に向けてしっかり続けながらやっていきたいと思います。

何しろ今、本当に勝てていないというのが事実なので、内容もそうですけどしっかり勝点３を奪えるように、またチーム一丸となってしっかり前を見つめながら良い準備をして臨みたいと思います。","[ 原崎 政人監督 ]
前半の入りは良かったので、欲をいえば前半に得点がなかったことは反省材料かなと思います。守備のところで、この試合に関してはゼロでおさえられたということは、選手がよく最後のところで体を張ってしっかり守れたのかな、という印象を受けています。

－－90分を通しゲームを支配した要因について。
自分たちがしっかりスペースを見つけて、しっかり良い立ち位置にいて、という自分たちの距離感をいまはゲームの中で選手たちがしっかり作れています。ただしその中でも前半にしなくてもいいミスが多く、そこはちょっと気になったので、もっとやらなければいけないと反省しています。ボールを動かすにあたってのスペースの見つけ方や使い方は、だいぶ良くなってきているのかなという印象を受けています。

－－先発して得点したフェリペ カルドーゾ選手について。
ゴールのところ、アシストのところは非常に良いプレーをしてくれました。ただし、もっとやれる選手なので、もっとコンディションを上げるところは彼に要求したいですし、彼もケガから復帰してから長い時間やったのは今日が初めてなのですが、攻撃のところも守備のところも精力的に動いてくれたので、これからまた期待が持てる活躍をしてくれたと思います。","[ 喜名 哲裕監督 ]
ホームなので本当にどうしても勝点３が欲しかった。ただ前半の入り方で少し全体が後ろ重心になっていて、なかなかボールを動かせず前に運べなかったり、プレスのところでうまく捕まえることができなかった中でセットプレーで失点してしまい、前半は難しいゲーム展開でした。

ハーフタイムでは「しっかり戦う姿勢、笛が鳴るまでチームとしてやり切る、戦い抜く、そこは徹底して最後までやろう」と声をかけ、システムを４バックに変えて臨みました。やっぱり点を取るしかないので、全体でボールを奪いにいって、しっかり自分たちが握る時間を増やそうという中、前半に比べてしっかり選手は戦ってくれたと思いますし、ゴールに向かう姿勢も良かったと思います。

中２日で新潟戦があります。本当にホームで勝てていない悔しさはあるので、しっかりこの２日間良い準備をして、次こそホームで勝利を皆さんにプレゼントしたいと思います。","[ 喜名 哲裕監督 ]
まずはじめに、本当に多くのお客さんが来てくださり、選手を後押ししてくれたことに関して本当に感謝したいと思います。

試合に関しては前半から本当に相手がどうであれ、自分たちからしっかりと積極的にボールを奪いにいくこと、奪ったあとのボールをしっかり自分たちでボールを保持しながら揺さぶって、しっかりスペースを見つけようという中で、本当に前半から選手たちは戦ってくれましたし、球際だったりセカンドボールだったり、そこを拾う回数もいつも以上に多かったと思います。だからこそ選手が戦ってくれたぶん、やっぱり勝たせる監督にならないといけないなというのは非常に痛感しています。

後半に関しても、積極的にラインを下げずにコンパクトを保ちながら90分間戦えたことは評価できると思いますし、アディショナルタイムでも全員がやはりゴールに向かう姿勢を貫くところは今後も続けていきたいと思います。

５連戦あと２つ、もちろんタフな試合になると思いますけど、いまいるメンバーでしっかり総力戦で戦いながら、勝点３を取れるように準備したいと思います。","[ 吉田 謙監督 ]
ホームの大声援で選手たちの心を熱くしていただき、本当にありがとうございました。皆さまの応援のおかげで、選手たちは走り戦うことができました。一生懸命さが際立つ試合。熱さが過熱した後半。最後まで粘り強く、選手たちは戦ってくれました。これからもひたむきに、チームみんなで戦いたいと思います。

－－ゴールはいずれも２次攻撃によるものだったが。
サッカーの目的、ゴールを目指す。どんな選手も、どんな状況でも、目指し続けた姿勢は本当に素晴らしい。本当に秋田らしい、あきらめない、気持ちのこもったゴールだと思います。

－－相手の先制点は秋田らしくない失点だったが。
ボールに対するファーストプレス。そして、こぼれ。こぼれの原則は、内側からボールへアタックする。そこを粘り強くできるように、皆で取り組んでいきたいです。","[ 大木 武監督 ]
ゲームとしては、自分たちの時間帯はあったんですが取れませんでした。相手のペースのときに２点取られてしまった。まだまだだなという、いつも言っていますが、その典型のゲームだったと思います。また次のゲームが来ますので、しっかり準備して臨みたいと思います。

－－ゲームを通しては決定機も多く作っていた。結果として無得点に終わった中、相手の守備に対応されたと感じる部分はあるか。
そんなにはないですね。ただ、ゴール前で自分たちのクロスも入ってるんですけど、一番前の選手にはじき返される場面が多かったんじゃないかなと。

－－土信田 悠生が初先発。この狙いは。
（髙橋）利樹はかなり疲れてましたね。彼が足をつるようなことはなかったですけど、この間はつりました。１回フレッシュな土信田を入れて見てみようと。

－－土信田のプレーについて。
守備にしても攻撃にしても、ちょっと足りないですね。ただ、点を取ることに関しては、ちょっと匂いがする。そこを期待して使いました。","[ 倉貫 一毅ヘッドコーチ ]
なかなかホームで勝てていませんでしたが、選手たちが非常によくやってくれて、見に来てくれたお客さんに勝点３を届けることができ、非常に良いゲームだったんじゃないかなと思っています。

チャンスがあった中でもう１点入るかなと思いながら進んでいて、なかなか決め切れない苦しい状況ではありました。でも前節も前半失点ゼロで抑えることができ、今節は前半の終了間際のところでシュートは打たれたけれども、なんとかゼロで帰ってきてくれたので、選手の顔を見たときに「いけそうかな」というふうに見ていました。追加点を入れて琉球らしく点を取って勝ちたかったですけど、後ろも含めて全体でしっかり守ってくれたし、そこのところでは非常に良かったんじゃないかなというふうに感じています。

今回、ホーム戦ではじめて勝点３を届けることができて本当にホッとしているというか、良かったなというふうに思っています。これをまた続けられるよう、今後もまた、たくさんのサポーターの方々が足を運んでいただいて後押ししていただければ頑張れると思うので、今後とも応援お願いします。","[ 倉貫 一毅ヘッドコーチ ]
終盤に追いつかれて勝点２を落としたなと、非常に痛いゲームになったというのが率直な感想です。

基本的には甲府さんもボールを動かして主導権を握りたいという考えではあったと思うので、ウチとそのところは考え方が似ていると思います。ここ２試合はウチも（失点）ゼロで抑え切れているというところもあったので、相手の３バックに対してスライドを速くするとか、コンパクトにするというようなところは徹底してやっていく形でやりました。

攻撃のところでは、相手の前の［３］のところをはがせればサイドのスペースは空くという話をしていた中、ウイングバックの押し出しはかなり速かったと思いますし、前半の最初はうまく突けたところもありました。でも、前半の途中ぐらいからそこのところをしっかり修正してこられたなという印象はあります。","[ 霜田 正浩監督 ]
ホーム３連戦の最後で、平日のナイトゲームでこれだけたくさんのサポーターが来てくれたので、気持ちを込めて戦わないといけないと話をして、結果的に相手のゴールに１つボールを入れることができ、自分たちのゴールに１つもボールを入れさせないことができ、いまチームとして取り組んでいる守備の安定という意味ではちゃんと無失点で試合を終えられて、勝点３を取れたことに関しては、非常に選手たちがよく頑張ってくれたと思います。

欲を言うとキリがないので、あまり言いませんが、まず僕らには守備も攻撃も成功体験がちょっとずつ積み上げていくことが必要で、それが連戦の中で誰が出ても同じようなハートのこもった試合ができることが大事だと思っている。先発を何人か代えましたけど、起用した選手が期待に応えてくれた。いつも選手を信じているので、ミスで負けるときもありますけど、最後の最後まで選手たちを信じて使いたいなと思います。","[ 喜名 哲裕監督 ]
今日のテーマとして、連戦でもしっかりと攻守においてアグレッシブに戦おうという話をした中で、選手たちは本当に前半からしっかりとそこに関してはプレーで示してやってくれたと思います。守備においては前線と後ろがつながっていましたし、奪ったあとのボールもしっかり自分たちのボールにつなげたところは少しずつ積み上げができているかなと思います。

攻撃においても久しぶりに３得点を奪ったというところで、ゴールに向かっていこうという中でしっかりと結果が残せたのは良かったと思います。ただ疲れている中で１つのミスがそういう失点につながっていくので、これからまだシーズンが続いていく中でしっかり修正してやっていきたいと思います。

中２日で天皇杯があるのでしっかりリカバリーして、次の試合に照準を合わせてやっていきたいと思います。","[ ピーター クラモフスキー監督 ]
良い勝点３だったと思います。試合の中で多くのポジティブな点もあったと思いますし、まだ自分たちがいつもと同じように改善していかなければいけない点があったと思います。本当に選手たちが献身的に、自分たちのフットボールを出しながら、自分たちのキャラクターを出しながら戦ってくれたことを誇りに思いますし、自分たちが勝点３を奪うことによってファンを笑顔で帰すことができて非常にうれしく思います。

－－競り合った試合の中で４得点できた一番の要因は何ですか？
「２点目は大事だ」という話はハーフタイムの中でしていましたし、前半の中で２点目を取れるチャンスも多くあったと思います。そして、良い試合の流れの中で自分たちが良い形で取ることができて、自分たちのプレーを続けながら相手をこじ開けることができて良かったと思います。自分たちがやった結果、４点取ることができましたし、いまやれているところをしっかりとまた続けながら、まだ磨かなければいけない点を磨きながら、この先、前進していきたいと思います。","[ 倉貫 一毅監督 ]
また最後の最後で失点したというところでは、なかなか非常に悔しい敗戦になったなというのが印象です。

－－ホーム戦３試合連続、アディショナルタイムに失点し、勝点を取りこぼしたことについて。
解決策が分かれば多分解決しているっていうところだと思います。ただ１つ今までと違うのは、試合後に選手たちと話をする前に、選手の口から「自分たちは変わらなきゃいけない」っていう声が出ていたので、そのところは今までと違う言葉が出たなと。全力を出したんじゃないかなっていう形は選手の中でも多分あったけど、実際それでもやられるっていうことは何か足りないっていう形になるので、トレーニングのところから、やっぱりセットプレーなんかはかなりやられていると思いますし、そういうようなところを突き詰めて、甘さを排除してやっていくことが一番なのかなと思います。

－－リーグ前半戦の振り返りと、後半戦に向けて。
やはり失点の多さというのは数字で出ちゃっているところなので、その守備のところはやっぱりサボらずに組織的にしっかり守備をする。今回は正直長崎さんの個の力が強いことはもちろん分かっていたので、やっぱり選手の距離をしっかり近くした上で、組織で守るところはこれからも徹底していきながら、でもあまりそういうふうな形ばっかりになると今度は攻撃で点が取れないような形になったりもするので、そこのバランスを整えていくというような形になると思います。ただ、最初は間違いなく失点を減らしていくという作業になると思います。","[ 木山 隆之監督 ]
ご覧になったとおり本当に苦しい試合でした。少し人も入れ替えながら今日はチャレンジしましたけど、前半は本当にボールもつながらなかったですし、守備もあまり効果的にできなくて、非常にしんどい試合でした。試合の途中から少しまた形を変えてやりましたけど、連係をとるのもなかなか難しかった。最後のほうになって少しスペースが空いてきて、自分たちがやろうとした形の中で前に攻めることはできましたけど、全体としては本当に厳しい試合でした。

今日から後半戦に入りましたけど、われわれは上位を目指していくためには３ポイントを取っていかないといけない。最後の１秒まで３ポイントを取りにいくことは選手たちと約束していたんで、よく実践してくれたなと思います。粘り強く戦って取った３ポイントだと思います。

しっかりとまた練習して、またいろんなことを考えながら、次に向けてやっていきたいと思います。

－－宮崎 幾笑にゴールが生まれました。どういうふうに感じていますか？
今年の開幕はウイングでスタートして、本当に良いプレーをしていた。ただ、チャンスがけっこうあったけど、なかなか点を取れなかったりしていた中でケガをしてしまった。すぐに帰ってくるケガだと思っていたら、思ったより長引いた。帰ってきたけど、チームもその間に成長を続けていたので、なかなか戻るポジションがなかった。その中で少しずつ調子が上がっているのは把握していましたし、ここ何試合か使っています。取ってくれて良かったと思います。","[ ナチョ フェルナンデス監督 ]
試合を通じて、特に試合の終盤で決定的なチャンスを多く作ったのはわれわれだったと思うんですけど、こういう結果になりました。相手は長いボールに強くて、そこに対してセカンドボールを拾ってくる。そういったところは自分たちもハッキリと分かっていたんですけど、その部分で相手の強さに押し切られてしまい、自分たちのオウンゴールに近いような相手のゴールチャンスで１点を取られてしまったというゲームでした。後半に入ってFWを２人にして、クロスをもっと上げなければいけなかったんですけど、その部分で上げ切れず、その（２トップにしたシステムの）変化に対応できなかったので、そこに対してやっぱりもっと上げなければゴールは奪えないのかなと思っています。

引き続き今までのやり方で何も変わらないでいるのか、それともその改善部分というのをいまここで変えて上の順位に行くのか。本当にここが分かれ道になっていると思っています。","[ 城福 浩監督 ]
入りは大いに反省しないといけない。スローインを相手に渡して、しかも中で取られてしまった。あれで点を取られると、勝点３を取ることは簡単ではない。前節の千葉戦も最初のFKで失点して、われわれのペースを失ったというのがある。それについてはネジを締めないといけないが、ただチャンスの手前くらいまではいくつか作った。それを決め切れない中で、自分たちのサッカーを変えずに勝てた。いま目指しているものがあるわれわれにとっては小さいかもしれないが、成功体験になったと思う。

決してじれることなく、最終ラインは高く、SBの位置も高く、攻撃的なサッカーを失点せずに貫けたのは良かったと思う。もっと早く点を取りたかったし、追加点を取りたかった。もろもろ反省はあるが、相手の状況も考えれば簡単ではない中で勝点３を取れた。これを次につなげたい。

今日のような勝点３を来ていただいたサポーターに届け続けられれば、ホームスタジアムに応援しに来てくれると思う。そしてサポーターと喜び合いたいし、われわれは何もあきらめていないと示し続けたい。

－－ハーフタイム、山本 理仁から加藤 弘堅への交代について。
正直、ケガです。彼は前半の最初にケガをした。外から見ていたら、われわれのCBが持ちすぎているように見えたと思う。彼のところでそこで動いてピックアップがなかなかできなかった。彼にあとで聞いたら、前半で自分のところで交代カードを使わせるわけにはいかないと言っていた。彼が走れていないのは分かっていた。大丈夫かと聞いていたが、長い時間プレーしていた。選手生命に関わるものではないと思うが、もっと早い決断をしていれば良かった。彼の「大丈夫」という声に委ねたところはあった。","[ 秋田 豊監督 ]
今日も平日にもかかわらず、たくさんのサポーターに来ていただきありがとうございます。ゲームは立ち上がり良い入りをして、そこで点を取れるかどうかが試合を振り返ると勝敗を分けるポイントだった。クロスの折り返しなど良い攻撃を仕掛けて、もうちょっとのところまでいったが、点を取れなかったことがこういう結果になった。１回だけしか決定機を作らせなかったが、勝負にはこういうこともある。

ただ、失点シーンのFKがどうしようもないゴールだったかといえばどうだったか。一つひとつの競り合い、闘う部分で自分たちが琉球と同じ立場にあったときにしていたプレーがいまはできているのか。そこまで考えると、ちょっとした部分で負けていたと思うし、もう一度確認しながら、焦れずに次のゲームに臨んでいきたいと思う。

－－チャンスがあった中、決め切れなかった要因。
最後の質。クロスを上げるところもそうだし、決定機があった中で、そこでしっかり合わせていくことが必要だと思う。

－－次節に向けて。
フィジカルの強い選手、クリスティアーノをはじめ、外国籍助っ人もいるし、前回４点決められているので、しっかり守備から入りながら勝点を取れるようにやっていきたい。","[ ナチョ フェルナンデス監督 ]
この試合でハードワークした選手たちを称賛したいと思います。特に後半の立ち上がりは前がかりなって、相手を押し込んでゴールにつなげたという部分で非常によく戦ってくれたなと思います。

いまの自分の感情には２つの側面があって、強い相手に対して自分たちが準備してきたとおりに戦えたことでチャンスを作り出せたことが１つ。「今日の試合どちらが勝ちにふさわしかった？」という問いがあったとしたら、「自分たちなんじゃないかな」と言えるぐらい満足している一面があります。ただそれと同時に、怒っているわけではないんですが、また同じようなエラーから相手に失点を許してしまう場面があったこと。特に仙台のようなポテンシャルがあって、昇格を争うようなチームを相手に勝点３が奪えるチャンスがあったのにもかかわらず、それをモノにできなかった。その悔しさもあります。

これからも引き続き勝点を奪うべく、しっかり準備していきたいと思っています。","[ ナチョ フェルナンデス監督 ]
（前節の）ベガルタ戦のときのように、相手より少し上回ったゲームだったという感触は持っています。ただ、先制点を奪ったあとに２－０、３－０にすることができなかったことは悔しいです。相手の先発11人を見たときにセットプレーでチャンスを作って狙ってくるだろうなと思っていた中、そのセットプレーで失点してしまったというのは非常に課題が残ります。

失点以外にもコーナーだったり、自陣近くのスローインなども簡単に与え過ぎてしまったのも改善しなければいけない。ただそういった中でポジティブな部分を挙げると、負けずに残留圏内まで勝点４まで戻すことができていること。そして残された自分たちの獲得できる勝点が45あるので、それに対して引き続き戦っていかなければいけないなと思っています。

あと、ケガ人など離脱者が出ている中で勝点１を取ったことはポジティブですし、決して悪いだけのゲームではなかったです。阿部（拓馬）だったり金井（貢史）がハードに、前線から攻守に運動量多く戦ってくれました。そのあと人見（拓哉）もチャンスを作ってくれましたし、こういうシチュエーションで勝つには簡単ではないというのは最初から分かっていたので、これからも引き続き勝点を取り続けるために戦っていくだけです。","[ ダニエル ポヤトス監督 ]
チームは良い試合をしてくれたと思います。試合をコントロールして相手のインテンシティーにも対応してくれました。ゴールチャンスもしっかり作ってくれたので、あとは決め切るところでした。選手たちは一生懸命やってくれましたが、決め切るところが１つ足りなかったです。","[ ナチョ フェルナンデス監督 ]
今節、熊本という難しい相手を迎えての一戦でした。非常に良いチームですし、ここ最近３連勝中と勝ちが多いチーム。正直、本当にイヤな相手との一戦だったのですが、自分たちの選手たちは攻守において理解度高く、私が要求したことに対してしっかり遂行してくれて、本当に素晴らしかったなと思います。

私たちは大宮戦、そして仙台戦と勝利が近かった中で勝ち切れないゲームが続いていました。そういったところにおいても選手たちに自信をつけさせるため、さらにその成長度を高めるためにも勝点３は本当に早く欲しかった。今回、それを勝ち取ってくれた選手たちは素晴らしいと思いますし、見せてくれたプレーに関して非常にうれしく感じます。","[ 吉田 達磨監督 ]
6,000人近いファン・サポーターが来てくれたホームの試合を勝って終われることがとてもうれしい。ここ３週間は（第27節・）水戸戦の前から新型コロナで１人、２人と選手が欠けていき、（前々節・）千葉戦が中止・延期となるなどたくさんのことが起こった。今週の頭に選手がそろったがコンディションはまだで、動けるかどうか不安があった。前半の入りは相手のプレッシャーを外していくアイディア、勇気にたくましさを感じた。３点取ってからのヒヤリとする、ドキドキする展開は良い課題になった。勝ったから言えるが、琉球の人数をかけた攻撃は良い経験になった。

－－裏を狙い続けたことがゴールにつながりました。
裏を狙い続けるというか、シャドーの選手が何回も裏に飛び出してトレーニングでやってきた形になったし、PKを誘った。相手に応じてハイラインの裏を狙い続けたことが大きな収穫でした。","[ ファビオ カリーレ監督 ]
まずはサポーターの方々に謝りたいと思います。本当にすいませんでした。サポーターの方々はすごく応援してもらっているんですが、自分たちは自分たちの仕事ができていなかったので、そこはすごく反省しています。ホームで２－０にして、以前もホームで２－０にしてから追いつかれた試合がありましたが、今回は逆転されてしまっている。もちろん、このあと帰って分析しなければいけないんですが、もっともっと粘り強くやらなければいけないと思います。

－－前半と後半で違うチームになってしまったような試合でしたが、要因は。
帰ってからそこを分析して、落ち着いて取り組まなければいけない。ただ、空中戦に関しては昔はやられていたと思うんですが、少し良くなっていました。ただ、今日はまた弱いところが出てしまったので、もっとそこは練習が必要だと思います。試合が続いている間は90分、95分、もしくは100分ずっと集中を切らさずにやらなければいけないので、そこはもっと求めていかないといけない部分があると思います。

－－２点リードでの後半でしたが、チームとしてはどんなイメージを持って入ったのか。
自分の指示は２－０で勝っていたし、すごく良い試合もしていたと思います。パス回しも良かったので、それを引き続き、「サッカーをやってくれ」、「集中力を保ってやってくれ」という指示を出しました。

－－３失点の原因は。
このあと、分析をしなければいけないと思っていますが、いまのところは先ほども言いましたが、集中力が欠けていたところがあると思います。最後の笛が鳴るまでやらなければいけないというところが原因じゃないかなと思っています。ただ、帰宅して分析すれば違うところが出てくるかもしれません。","[ ナチョ フェルナンデス監督 ]
２つの表情があるようなゲームだったと思います。特に前半でいったら相手を上回っていましたし、セットプレー以外は大きなチャンスを作らせず、１点だけではなくさらに２点、３点と決めるチャンスもありました。後半の入りも引き続き良いスタートができていて、そこでもビッグチャンスを迎えられたんですが、決め切ることができなかった。こういうところでしっかりとゴールを奪わなければ、上位チームを相手に決め切れないとこういうふうに同点に追いつかれてしまう。この結果は自分たちがやったプレーというよりも、シーズンを通して改善し切れていない自分たちのミスというところなので、やっぱり変えなきゃいけないし、引き続きこれを改善しなきゃいけない。そのためのハードワークをしなければならないと思っています。

前半の内容、自分たちの今日のゲームのスタートの部分を考えると、勝点３を取らなきゃいけないゲームだったと思います。ただ残されたゲームももう（多く）ないので、次の試合に向けてしっかり備えたいと思います。","[ 秋葉 忠宏監督 ]
うーん、まあ、残念！やはり、人間ですし、４日前にあれだけエネルギーを使う、テンションの高いゲームをした反動が出てしまったなと。一番懸念していたことが出てしまったところが非常に残念でした。あとは、あれだけ琉球さんにドローでいいという姿勢を見せられると、そこを崩し切るとか、勝ち切る力やエネルギーが足りなかったなと。非常に難しい、あらためてゲームも人も生き物だなと感じざるを得ないゲームになった。ただ、下を向いているわけにはいかない。ここで出た課題や宿題みたいなものを、９月に５連戦が待っていることになったので、どういう状態になろうと、連戦だろうが、足が痛かろうが、相手のコンディションが変わろうが、（第28節・）大分戦ぐらいのテンションを毎試合出さなければ、おそらくわれわれが見たい景色にはたどり着かないと思っています。今回は残念ながらそのエネルギーを出すことはできませんでした。ただ、強いチーム、強い選手、昇格するとか、上でプレーする選手はどういう条件だろうが、どういう状態だろうが、あのエネルギーを出せるんです。だから、上に行けるんです。そこへのトライを９月にできますから。人を変えながら戦うのか、それとも同じメンバーでもそういうことが可能になるのか。やっぱり強いチームはこういう状況でも同じパワーを使える。残念ながら、まだまだプレーオフ圏内に入るだけの力を示すことができなかった。そういう意味で非常に残念でした。ただ、明確に見えるものがあったので、次はしっかりと出せるようにしたい。９月の５連戦で、必ず５試合とも大きなエネルギーを使えるようなチームや選手になって、成長した姿を見せられるようにしたいと強く思ったゲームでした。","[ ナチョ フェルナンデス監督 ]
試合を振り返れば、すごくまとめるのが簡単なゲームです。ダニー（カルバハル）がセーブする場面はほとんどなかったですし、自分たちのゴールチャンス、ハッキリとしたビッグチャンスが４～５回あって、そこを決め切れずに負けた。一言で表すとそういったゲームでした。この１週間準備していたことは（台風の影響で）報われなかったというか、まったく違ったものとなりました。台風にアジャストしなきゃいけないということが本質となりましたが、そういった想定で気持ちの部分を全体で切り替えていました。この気候条件でどっちにアドバンテージがあるかといえば、やはり秋田のプレースタイルが有利だったかなと思います。ただ、その中でも今日のゲームで選手たちは秋田に対し、そしてこの気候にアジャストするためのサッカーをし、その中でチャンスは作れていたと思います。それを決め切れなかったというのが今日の結果であり、本当に勝つ可能性も大いにあったゲームだったのかなと思います。","[ 松橋 力蔵監督 ]
本当に多くのサポーターの皆さんに囲まれた中で、しっかり勝利を届けられたことが非常にうれしく思います。試合は前半、ボールを握っていながらも崩し切れず、いくつかチャンスがありましたが、その一瞬の中で決め切れず。難しいゲームでした。後半は小さなことかもしれませんが、それぞれの特徴を少しずつ出していったことで、最初の１点も（渡邊）泰基に関しては唯一ああいうロングスローを投げられる選手ですし、チャンスがあればということは今週の練習でセットプレーのコーチからも指示がありましたし、そういった中で取れて良かった。それぞれの特徴が、前半よりは色濃く出た後半。そういう中でのスコアだと思っています。

－－声出し応援の雰囲気について。
本当にうれしい限りです。普段あまり部屋から出ずに、試合の直前までこもっているのですけど、ちょっと見たいなとウォーミングアップルームまで足を運んだ。やはり、こういう雰囲気で選手の後押しをしてくれることに感謝の気持ちでいっぱいで、これが当たり前だと思ってはいけないと自分に言い聞かせて、部屋に戻りました。

－－後半の指示について。
２人で横パスを続けていた。３人目で縦に入って前向きを作ろうと指示をした。序盤に秋山 裕紀と伊藤 涼太郎の間で行われて、推進力が出たことで相手の中央やサイドでほころびができた。時間の問題かなとは思いつつ、なかなか開かない中であの１点が口火になったかなと思う。

－－アレクサンドレ ゲデスが初得点を挙げた。
アレックスは来日してから、なかなかコンディションが上がり切らず、チームの中の関係性、プレーの中でのコミュニケーションの難しさから、彼の本来の強みをなかなか出せていない日々が続いていた。もしかしたら今日の得点はラッキーだったかもしれないが、日頃、不満を抱えているかもしれないけれど、それをお首にも出さずに黙々とやっている姿を見せていた。

泰基に関してもそうで、そういう言い訳をする選手じゃなければ、こういうときに女神は笑ってくれるんだなと思いました。そういう意味でも、非常に良い活躍をしてくれた。これを機にわれわれの強みになれるように続けていってほしいと思います。"
"[ 喜名 哲裕監督 ]
開幕戦ということで、アウェイにもかかわらず多くのサポーターが来てくれたことに本当に感謝していますし、最後の苦しい時間帯も声援のおかげでなんとか乗り切れたと思います。

試合に関しては開幕戦ということで少し硬さもアップ中に見えたのですけど、試合が始まると一人ひとりが求められる役割をしっかりプレーしてくれましたし、攻守においてアグレッシブにプレーできたことは今日の成果につながるかなと思います。無失点で抑えたということについては、今日若い選手がCB２枚で出たのですが、本当に自信につながると思います。ボランチの武沢（一翔）も今回プロ入りして初スタメンということでしたが、臆することなく攻守においてアグレッシブに戦えたことは本当に収穫だと思います。

その一方で攻撃においては得点ゼロに終わったことは少し残念ですけど、もう少しアクションを起こしたりポケットを取ったり、ゴールに入る枚数だとか、その辺も次のホーム戦に向けてしっかり修正し、今度こそは得点を狙っていきたいと思っています。","[ 尹 晶煥監督 ]
開幕戦で負けたあとのアウェイでの１戦目だったんですけど、選手たちも良い準備をしてくれたし、思ったより良いコンディションの中で前半から（良いパフォーマンスを）見せてくれました。サウ（サウダーニャ）だったりトシ（高木 俊幸）だったりの速いスピードを利用した攻撃をしようと思っていて、そういったところがうまくいったかなと思います。セットプレーの中で得点が生まれたので良い雰囲気が生まれました。後半に入るときは１点を守るのではなくもう１点取るように攻撃的にいこうという話を選手たちにしましたし、その話どおりに選手たちは追加点を取ってくれました。今日はＪリーグデビューした選手が２人（西久保 駿介と篠原 友哉）入ったんですけど、少し心配はしましたが、本当にみんなが１つになって最後まであきらめずに戦ってくれました。残念なところは、相手が攻撃的に出てきたときにセカンドボールを取ってからもう少し余裕を持ってプレーできれば良かったなと思います。それができればわれわれのリズムでサッカーができたかなと思いますので、そこは次に向けて修正するポイントです。今日勝利したことで選手たちも落ち着くところも出てくると思いますので、ゆっくり休んで次のホーム戦に向けて良い準備をしていきます。","[ 秋田 豊監督 ]
立ち上がりに失点してしまって、初出場の選手が２人、今季初出場の選手が２人いてという形でバタバタした状態の中で始まったのですが、徐々にフィットしてきました。ただ、やっぱり前半ちょっと積極性に欠けたところがあって、なかなかやっぱりゴールを割ることができませんでしたけど、後半になって交代選手も含めて良い形で得点が取れたなと思います。

前節まで先発だった小松（駿太）なんかもその悔しさをしっかりと結果として出してくれたというのは本当に素晴らしかったですし、チームの勢いにおいて追い風を吹かせてくれました。そして、常に向上心を持ってプレーしている（深川）大輔も初出場した試合、なおかつ大事なところでしっかりと結果を残してくれたことには本当に感謝しています。","[ 喜名 哲裕監督 ]
前半になかなか自分たちのリズムが作れない中で失点をして難しい展開になったんですが、セットプレーで追いついたことで少し自分たちにもゆとりが出てきたかなっていう前半でした。後半に関しては「前半も立ち上がりが悪かったので、後半はそこを集中していこう」とハーフタイムに話した中、あの時間帯で失点してしまった。チームとしてしっかりと反省しながら進めていきたいと思います。

ただ、後半に関しては自分たちのスタイルをブレることなくやり続けたことが、あの得点を生んだと思う。やはり、ボールを動かすことで相手の足も止まってきて、スペースが出てきたところで３点目が取れたのはチームとしてもしっかりと狙いを持ってできたところだと思います。勝ちながら修正していくっていうのがチームとしてもベストだと思うので、また次の水戸戦に向けてしっかり良い準備をしたいと思います。

－－セットプレーからゴールを取れたことについて。
トレーニングからテクニカルのコーチなどを中心にセットプレーの練習をしている。予想以上にうまく決まったかなと思いますが、もちろん簡単なシュートではなかったと思いますけど、それをしっかりと決め切る（阿部）拓馬はすごいなと思います。","[ 秋葉 忠宏監督 ]
お待たせしました。本当にお待たせしましたという感じですけど、サポーターが沖縄の地まで「勝利への執念を見せろ」という横断幕でわれわれにゲキを飛ばしてくれましたから、その思いに選手たちが応えてくれました。

それは90分間相手より走ったとか、球際に厳しく行ったとか、インテンシティー高くセカンドボール、ルーズボールに反応しながらフットボールの本質である１対１やバトルのところでしっかりと相手を上回ったから、こういうゲームになったと思います。

まだゲームはありますからここで終わりではなく、もっともっとインテンシティー高く、走力高く、われわれの技術やアイディアをしっかり出せるようにしたい。しっかりしたものを持って、良い状態でホームに帰ることができます。次はホームで２連戦できますので、そこでより多くのファミリーやサポーターと喜びたいと思います。

あと、前半なかなかギアが上がらなかった感じでしたが、後半「われわれならもっと走れるし、攻撃的にプレッシングもできるし、ボールを回せるよ」と伝えたところ、選手たちは勇気を持って走ってくれました。攻撃でもどんどんテンポよくボールを動かしてくれたので、見ていて非常に面白かったですし、点を取ったところも交代選手を含めて意図のある攻撃で取れて良かったと思っています。これをしっかりと１つで終わらせず、連勝できるようにまた頑張っていきたいと思います。","[ 喜名 哲裕監督 ]
まず、遠くアウェイまで駆けつけてくれたサポーターのみなさま、DAZNで応援してくれているみなさまに対し、残念な結果となったことについて、自分の責任を非常に強く感じている。

試合に関しては立ち上がりもうまく入れて、しっかりボールを握って相手コートでサッカーをしようということにも、前線から奪いにいこうということにも、選手たちはしっかりトライしてくれた。ただ、やはり相手のうまさもあり、１失点目から２失点目までの時間帯も、もう少し自分たちの時間を作りながらボールを動かすことができれば、自分たちの時間を長く保つことができたかなと思う。その中でもセットプレーで１点返したのは良かったのだが、後半にセットプレーでやられて相手のリズムになった中で、なかなか自分たちのリズムを取り戻せなかった。

－－先発を６名入れ替えた中で、評価とチームの底上げは。
今回、連戦だった中で、みんな非常に良いコンディションとモチベーションでトレーニングをした。今季に関しては調子の良い選手を使うと全員に話していることを踏まえて、今回は新たな選手を使った。臆することなくトライしてくれたことは評価できると思っている。

－－紙一重のところから流れを失う試合も多いが、勝利のためには。
まずは自分たちでしっかりボールをつなぐことをブレずにやること。最後のフィニッシュ、ラストパスの精度。守備のところの球際やボックス内での強度。そういったところをもっと上げていかないと、なかなか勝利には結びつかない。トレーニングから改善していくしかない。また１週間、トレーニングしたい。","[ 堀 孝史監督 ]
前節に引き続きビハインドから始まったゲームだったんですが、多少連戦だったというのもありますし、沖縄の気候も影響したのかちょっと体が重いなというのは感じられました。ただ、前半の終わり頃から後半にかけて選手たちはしっかりと戦ってくれ、なんとか３ポイント取れたことに感謝しています。本当によくやってくれました。

今日も遠くからサポーターが沖縄まで来てくれました。３連戦の最後はホームで戦えますし、サポーターのためにしっかり選手たちと一緒に準備して戦いたいと思います。","[ 喜名 哲裕監督 ]
寒い中、雨にもかかわらず多くのサポーターの皆さんが駆けつけた中で、勝利をプレゼントすることができず、非常に悔しい思いをさせたと思います。立ち上がり早めに連続して失点してしまい、ゲームプランを難しくした印象を受けます。ただ０－３になってからも自分たちの攻撃の形は変えずに、そこに対してはトライしてくれましたし、１点取れたことは今後につながると思います。後半に関しても、攻撃もそうですがセカンドボールの奪取だったり、球際だったり、そこは45分間しっかり戦ってくれたことは選手たちに感謝したい。次の岡山戦に向けて、できたところは継続しながら、改善するところは全員で向き合いながら、良い準備をしたいと思います。

－－当初のゲームプランはどういったものでしたか？
まずは自分たちがしっかりボールを握りながら相手を揺さぶっていこうと。相手が前からプレスに来るのは想定内だったので、そのぶん後ろにはスペースがあるので、前向きな選手を作っていこうという話をしていました。ただ、やはり相手の両サイドの攻撃、クロスだったりが横浜FCさんの得点パターンなので、サイドの寄せが開始早々のところでちょっと緩かったことが相手にスキを与えて、失点を招いたと思います。","[ 木山 隆之監督 ]
われわれにとっては本当にこの１週間、タフでした。われわれは努力をして、勝ち得た３ポイントが取り消される形になったので、非常にタフな１週間でした。ただ、それをチームとしてしっかり乗り越えていくことが必要でしたし、われわれをバックアップしてくれるファンやサポーターのために、今日チーム全員で立ち上がって戦おうという形でここに来ました。

立ち上がり５分で何回もチャンスがあったので、ああいうところをしっかり決めていくことは大切なのかなと。それでも今日ミーティングでも「どんな状況でも粘り強くゲームを進めていって、最後にしっかり勝とう」という話をしていたので、FKと自分たちのちょっとしたスキ、ミスから与えた失点は本当に痛かったです。

当然２点のビハインドなので、やり方を変えたり、選手も早めに代えていきながら、パワーを使って３－２までいきましたけど、最後逃げ切れなかったかなと。もちろんもう少し賢く、オープンにしないで、前線でうまくボールを動かしたり、サイドでプレーしたりということも必要だったかもしれないです。逃げ切るための策も使わなければいけなかったかもしれないですが、もう（選手交代の）札を切ってしまっていたので、そこは僕自身はやり切れないなという思いはあります。

ただ、今日は本当に選手たちの、特に２－０になってからあきらめないで、前半のうちに１点返してという努力に関しては、僕はもう何も言うことはありません。皆さんが想像している以上にダメージを受けた１週間だったし、そこからチームは立ち上がってくれたので、そういう姿を見せてくれた選手たちをすごく誇りに思えるし、この選手たちをもっともっとレベルアップさせて、チームを強くしていきたいなという思いをより強くしたので、今日に関しては勝てなかったことは悔しいですけど、納得はしています。","[ 大槻 毅監督 ]
得点を毎試合複数取れるような琉球さんに対して、ゼロで抑えたことは非常に良かったとは思いますけれど、チャンスは向こうにもあった。こっちも２点目を取れたチャンスが前半にはあったと思っているので、そういうところが決まる、決まらないのところでもう少しチャレンジしていくようなところを作りたかったという点はあります。ただ、本当に選手はよくコンパクトに陣形を保ってやってくれたので、アウェイの地で２戦連続勝点３が取れて本当に良かったと思っています。

－－岩手と琉球とのアウェイ２連戦で勝点３ずつを奪えたことは。
勝点３を奪えたことは非常にやっぱりうれしいことはうれしい。ただ、それ以上にわれわれがやろうとしていることの回数をより増やしたりだとか、そういったことにトライしていくところを見失わないよう、今日の試合はもう終わったので、また次の試合に向けて選手とともにやっていきたいと思います。","[ 喜名 哲裕監督 ]
アウェイにもかかわらず、本当に多くのサポーターの皆さんに来ていただいた中で、結果を残すことができず、責任を重く感じています。

ゲームに関しては前半にしっかりコンパクトな陣形を保ちながら、一人ひとりがそこに関してはハードワークしてくれましたし、守備からしっかり攻撃に移る中でもチャンスをしっかり作ることができたので、そこは引き続きチャレンジしていきたいと思います。後半に関してもしっかりトライした中で、積極性は今までになかったことが見られたので、連戦でのホームゲームが待っているので、しっかり修正しながらホームで勝点３を取れるよう良い準備をしたいと思います。

－－システムを変えて臨んだことについて。
システムのところで、［５－３－２］を今回採用した中で、前回は前にかける人数が明らかにポジション的にも多くなったので、そこでしっかりお互いの距離感を保ちながら、特にチームの中や外からの攻撃はこのシステム上自分たちの利点としてトライすることができたので、そこに関してもよくやってくれたと思います。

－－今季初先発の上原 牧人選手について。
トレーニングから非常に良いパフォーマンスをしてくれたので、今日も彼のスピードや体の強さを、相手に臆することなくプレーできましたし、ボールを運ぶところや展開するところなど、90分よくやってくれたと思います。","[ 柳下 正明監督 ]
前半の途中まで、20分、30分弱ぐらいまでは問題ないというか、琉球も元気がなくて２～３点取らないといけない展開だったと思うけど、非常にイージーミスが増えて、前半のうちに琉球に元気をつけさせてしまった。その勢いが後半に入っても続いたんだろうと。だから非常にもったいない。自分たちが勝点２を失ったようなゲームだったと思う。

ただ、それでも勝点１を取れたのは、１人少なくなっても最後までゴールを目指すという気持ち、プレーが見られたこと。それと選手一人ひとりの力がついてきたなというふうに見ています。

もっと上を、チームとしても選手一人ひとりとしても上を目指すんだったら、こういうゲームはお互い厳しさを持ってやらなければいけないこと。やっていない選手がいたらそれを怒鳴ってでもやらせることが必要だと。

非常にわれわれにとっては、ちょっと暑く、湿度が高い中でも勝点１を取れたのは良いのかなと思います。","[ 松橋 力蔵監督 ]
非常に難しいゲームになったなというふうに思っています。試合に入る前から、確かに相手の琉球さんは成績こそ振るっていない部分はありますが、われわれはそういうふうにはまったく見ていなかったですし、非常にポテンシャルがある良いチームだと見ていました。なので、そのスイッチを押させてはダメだというようなところからゲームには入りましたが、残念ながらそのスイッチを押してしまったなというところで、難しいゲーム展開になってしまったなと。

ただ悪い中でも同点に追いつき、何度かですが最後のクオリティーのところをもう少し確実なものにして、良い判断の中でのプレーにつなげられればというのもあります。けれどもたらればでは勝てないので、そういうところはまた積み上げていかないといけないなと思っています。","[ 喜名 哲裕監督 ]
試合の前半の入り方も悪くなかったですし、先制点を取れた中で自分たちのリズムで試合を進めることができたなとは思います。ただやはり、（前半）残り10分、15分ぐらいで疲労も含めて少し疲れが見えた中で、ああいうセットプレー（からの流れ）で失点をして、ちょっと試合が難しくなったかなという印象です。

後半に関しても、風だったり、グラウンド（状況）で難しくなりましたけど、少し相手を受けるシーンがあったので、そこをはね返す力だったり、ボールを動かしながら相手の背後を取ったりとか、そういうシーンを後半も多く続けることができれば、少しまた流れが変わったかなと思います。

ただ、残り10分ぐらいで、またギアを上げて点を狙いにいった。そこに関しては評価できると思いますし、次の熊本戦に向けてしっかりやっていきたいなと思います。","[ 喜名 哲裕監督 ]
サポーターの皆さんが応援で選手たちを後押ししてくれた結果、最後まで走り切ることができたと思います。試合に関しては、前半は相手の時間帯が続く中でもボールにしっかりプレスを掛け、連動してやれたのが良かったと思います。ボールを保持する中でも、全員が出したあとも受けにいったり、サポートに行ったり、ミスはありましたけどトライしたことで、後半の流れを生み出すことができたと思います。何より開幕戦以来のクリーンシートを成し遂げたことが、チームにとっての成長になると思います。ただ、今日の試合を次につなげないといけないので、また１週間、良い準備をしたいと思います。

－－後半に向けての指示や修正したことはあったか。
まずはラインを下げず、ボールホルダーに対してしっかり行く。あとは相手が前に出てくるぶん、後ろにはスペースができてくるので、そこに矢印を返せば膨大なスペースがある。それから逆サイドも常に空いているので、そこの使い分けが大事だという話はハーフタイムにしました。","[ 時崎 悠監督 ]
お疲れさまでした。この敗戦は非常に痛いです。９試合勝利がないということで、選手に自信を失わせないようにしっかりとマネジメントしていかなければいけないと思いますが、今日は本当に勝点３が欲しかった。勝点３も得点も奪えなかったというところはチームとして本当にもう１回いろいろなものを見つめ直さなきゃいけないなと思っています。

立ち上がりは本当に悪くなくて、その時間で１つあればまた違う展開になったと思うのですけど、前半途中から自分たちのボールロストをきっかけにゲームのリズムを琉球さんに渡してしまったんじゃないかなと思います。後半も慌てずに自分たちがやるべきことをやっていこうというのを整理ができた中で、押し込める時間帯も確かにありましたが、ゴール前での焦りだとか、あるいはアタッキングサードに入っていくときにちょっとしたズレが多かったと感じています。","[ 吉田 達磨監督 ]
沖縄に来るということ、普段とは違う雰囲気、いろいろなものがある中でしっかりファイトしようと。ファン・サポーターがあれだけ来てくれてビックリした。試合をする側でも少し遠く感じる沖縄に来てくれた。先制されて苦しい試合になった。松本 凪生が開幕戦以来のゴールを、得意ではないであろうヘッドで決めてくれたことが大きかった。

－－後半ゴール前に迫ることが増えたが、良い時間帯に失点したことについては？
集中が切れたということはない。悔やまれるが、（先制されて）焦りを生んでもおかしくないところで追いつけたことに大きな価値があったと思う。","[ 倉貫 一毅ヘッドコーチ ]
非常に悔しい敗戦だったと感じています。前半はボールを持ててはいましたけど、なかなか崩し切れていないなと感じていた。チャンスは数回あったけど、そこで決め切れなかった感じですかね。後半、大宮の２トップが代わってパワーを出してくることは予想していましたが、セットプレーでやられる形になってしまったのでかなり悔しいですね。

－－後半は前半以上に大宮が前に出てきたように感じた？
連戦で正直、こっちの運動量が落ちたところはあったと思います。どのタイミングで選手を代えてパワーを出そうか考えていましたけど、どちらに転ぶか分からないようなゲームではあったと思います。","[ ダニエル ポヤトス監督 ]
本当に難しい試合になったなと思っています。自分たちのところでのエラーによって、なかなかコントロールできなかったなというのはありました。本当に悔しく思っています。と同時にやはりチームとして熟成した大人のチームになっていかないといけないなと思います。試合をしっかりと要所でコントロールしていく。そのようなことをこれからチームに伝えていきたいと思っています。

本当に勝てた試合だったと思いますし、引き分けというのはすごく悔しい結果です。最後しっかりと新井（直人）選手が決めて引き分けという形になりましたが、チームとしては勝てた試合だったと思っています。","[ 喜名 哲裕監督 ]
遠いアウェイながら多くのサポーターが駆けつけた中で、こういう結果になったこと、本当に申し訳なく思います。試合に関しては、立ち上がりの入り自体は悪くなかった。しっかりボールを保持しながらプレーした中で、１失点したあとも自分たちのスタイルは崩さずに戦っていこうという話をした中で、そこはしっかりやってくれたと思います。ただ、今まで数試合は守備のところでしっかりハードワークして、お互いがミスしたのを全員でカバーし合いながら、そういう中でチームとしても戦ってきた中で、今日に関してはそういうハードワークの部分が足りなかった結果が、こういう４失点を食らったと思いますし、そこに持っていけなかった自分が強く責任を感じております。

ただ、もう次に進むしかないので、次の長崎戦はホームで戦えるということで、またこの１週間、本当にまたイチから出直すつもりで、チームとして立て直してしっかりやっていきたいと思います。","[ 松田 浩監督 ]
非常に前半から戦えていたんですけども、点差がやっぱり１点差だったということで、ちょっとイヤな感じはしていました。やっぱり１点というのはどこかで食らってしまうっていうのはサッカーではよくあることなので、１点差だったというのはやっぱり相手が絶対勝ちたいっていう気持ちがあれば、なかなか防ぐことができないこともあるんじゃないかなと思ってちょっとイヤな感じだったんですけど、それが的中した形で失点してしまいました。

そこからもう１点取るにはやっぱり相当なエネルギーがいたと思うんですけども、交代して出た選手とかパワーアップしてくれた選手たちが中心となって、最後は米田（隼也）のゴールに結びついたのかなと。そういう意味では、本当に最後までやっぱり勝ちたいという、勝たなきゃいけないっていう選手たちの気持ちの強さに敬意を表したいし、彼らの頑張りに今すごく感謝しています。

－－リーグ前半戦を振り返り。
試行錯誤の前半戦だったっていうのが率直な印象です。新戦力が入って、個の力が強いっていうふうに他のところからも言われたりして、その個の力を中心にチームを作ってきたっていうところがけっこう落とし穴みたいなところもあったのかなっていうことで、なかなか安定した力が発揮できなかったなと。去年のベースが少し個の強さに消されて、ちょっと出なくなって安定感がなくなったんじゃないかなっていう、ちょっと前半戦の３分の２ぐらいまでとか、そういうところかなって感じですね。

最後の３分の１のところは原点回帰というか、去年の全員で攻撃する、守備するっていうような［４－４－２］としての戦い方の部分がうまくできるようになってきたというか、まずはやっぱり良い守備から良い攻撃につなげるっていうベースができてきたのがこの最後のところかなっていうふうに思っています。今日もそうですけど、前節もやっぱり個の力っていうのは最後間延びしてきたときとか、全員の体力が少し落ちてきたときにうまく発揮できるっていうような形ができてきたのは後半戦に戦い方のベースとしてはつながるかなというような印象、感触を持っています。","[ 倉貫 一毅監督 ]
やはり最後に失点をしてしまったというところ。こういうふうな負けが続いたりとか追いつかれたりっていうことがあるので、なかなか修正し切れず非常に悔しい敗戦になったという感じです。

－－得点チャンスもありましたが、無得点に終わった結果について。
ゲームの内容自体は悪いと思っていないですけど、やはり最後の最後で決められてしまう。そこのところは本当にタフさが足りない。苦しい時間帯であったりとか、そういうふうなところがまだまだというふうに感じています。ただ、ゴールチャンスは狙った形で崩したりっていう形はあったので、それに関してはポジティブな部分なのかなと思っています。

－－失点シーンについて。
映像を見直してみないと分からないですけど、自陣に押し込まれる時間も長くなった。ただ、そこのところでしっかりとはじくプランはありましたけど、最後の最後でああいう形だったので。はじき方とかセットプレーにしないクリアの仕方とか、そういうのは必要になるのかなと感じています。","[ ランコ ポポヴィッチ監督 ]
非常にタフな試合でしたし、消耗も激しかったですが、その中でより求めることがあるとすれば、判断を速くすること、テンポを上げることはもう少しできたのかなと思います。試合展開を難しくしたのは、２点目を取れなかったからです。前半のうちに２点目を取れるチャンスがありながら取れませんでした。しっかりと決めることは重要です。ただ、最後まで粘り強く戦えたこと、そして最後の時間帯は10人でのプレーを余儀なくされましたが、オーガナイズを構築し、前からしっかりとプレッシャーを掛けることはできていました。無失点で終えられたことは非常に評価できることです。また、一番大事なミッションであった勝点３を取ることはしっかりとクリアすることができました。","[ ナチョ フェルナンデス監督 ]
相手は予想したとおりの出方で、サイドで起点を作り、裏のスペースを突いてきた。それを想定して準備をしていた。ただ、１－０でリードしてからの失点は、想定したサイドからのものだった。さらに同じものを繰り返してしまった。２－０、３－０にするチャンスもあった。そこで決められなかった代償を払ったゲームになった。もう次の試合は３日後にある。一刻も早くコンディションを整えて、準備していきたい。

－－２失点とも、マークの寄せが甘かった？
おっしゃるとおりで、マークについての問題はあると思っているし、それを改善しないといけないと思っていた。このチームはクロスからの失点が多かったので、まずクロスを上げさせないこと、そして中のマークについては課題として日々取り組んできたが、同じミスをしてしまった。明確な改善部分ではあるので、改善し続けるしかないと思う。

－－就任から２試合、やりたいことはどのくらいできているか？
完成度としてはまだまだ。今日のゲームも前半25分までは前がかりにいけたが、それを過ぎると前からのプレスが掛からず、後ろに重心が重くなって前に出ていけなくなった。前に対して戦う時間帯を多くしないといけない。そういう意味でも、完成度はまだまだだと思います。","[ ナチョ フェルナンデス監督 ]
岩手はセカンドボールに強いチームというのは想定どおりだった。それに対して練習で準備してきたことを遂行できていたと思う。前節からの期間のほとんどをリカバリーに費やした。今日は２点目を奪うチャンスもあったので、そこを決めるところ、ゴールに近い位置での精度、そしてゲームコントロールの面は改善しなければならない。ただ、少しずつチームは良くなっている。難しいシチュエーションは今日の勝利でも変わらないが、次の試合で勝点３を目指してやっていきたい。

－－トップに起用したケルヴィン選手を含めた起用の意図、狙いなどについて。
前回の試合で野田（隆之介）が疲弊していたこと、また阿部（拓馬）のコンディションを考えてチョイスした。プレーは悪くなかったし、良く戦ってくれた。引き続き、中に置いても外に置いても改善、成長してくれればと思う。

今日は誰かが特別に頑張ったわけではなく、全員がハードワークして戦ってくれた。そこは非常に満足している。ただ、清武（功暉）のケガが心配。彼は重要な選手。重くならないことを願っている。","[ 原崎 政人監督 ]
最初に点を動かせたので、前半にもう少しゴールに迫っていけるかなという印象を受けていたのですが、意外とそこからテンポが上がらず、攻撃はミスや判断が遅く、非常に良くなかったと思います。守備に関しても、前にかかっていって、無理に突っこんでいくことでカウンターも受けました。良かったところは最後にギリギリのところでカウンターをしっかり頑張って守ったというところで、最後の意地は見せたかなというところだけですね。

－－中島 元彦選手の欠場と、加入したばかりの佐藤 瑶大選手の投入について。
中島に関しては、前節に少し痛めてこの試合には間に合いそうになかったので、今日はメンバーから外しています。瑶大に関しては、ヒラ（平岡 康裕）も最後にちょっと連戦もあって、足にきていたところもあったので、そこは迷わずに彼を投入したところです。

－－琉球の印象について。
前回やったときよりは縦のボールが増えたかなという印象を受けました。カウンターも速いですし、しっかり守備も人数をかけてブロックを作って、そこにわれわれがなかなか良いテンポで入っていくことができなかった。","[ 相馬 直樹監督 ]
まず、遠く沖縄まで駆けつけてくれたサポーターの皆さんに感謝します。関東とは違う暑さの中、選手たちと一緒に戦ってくれたことは本当にありがたいと思っています。

ゲームですが、予想していた以上に琉球さんが縦のボール、それもかなりアバウトに入れてくる展開でスタートしました。立ち上がりでちょっと慌てる時間があり、なおかつ（琉球が）風下に立った影響もあって、ボールが止まるっていうところも含めて、相手に流れを作らせてしまいました。ただそこをしっかりしのいで、途中からは自分たちがボールを動かして相手陣地に入っていくことはできました。後半はわれわれが風下に立ち、今度は相手がやったことと同じようにわれわれが背後を使いたかったんですが、（琉球が）風上を生かした形をとり、縦長にどうしてもなってしまった展開からカウンターというよりも、ルーズボールを拾われたところで失点する形となりました。

ただ途中から人を変えて、背後を取って出し手と受け手が合うシーンは作れたところでチャンスが生まれた。セットプレーでしたが得点を取ることができました。しかし、相手にうまく風上を利用されてしまって、僕らの攻撃の時間がどうしても少なくなってしまい、追いついた勢いをなかなか維持できませんでした。

勝ちたかったゲームですが、勝点１を持って帰ることになりました。この試合は僕以上に選手たちが多分プレッシャーに感じていたと思っています。われわれが自信を持ってもっとプレーしなければいけないなと、あらためて感じた次第です。","[ ナチョ フェルナンデス監督 ]
失点をすると難しい試合になることは分かっていたので、先制されることなくゲームをコントロールしながら勝利を目指す戦い方でした。その中で特に終盤はゴールチャンスがあり、上原（慎也）選手や中野（克哉）選手に決定機がありました。もちろん相手にも決定機はありましたが、ホームで戦う彼らに対して勝点１を取れたということに関してはそこまで悪くなかったと思います。順位の違いはありますが、Ｊ２はいつもきっ抗した試合になると思っていましたし、難しい試合になることは理解して臨んでいました。","[ 大木 武監督 ]
まず、沖縄まで来ていただいたサポーターに笑って帰ってもらえないというのが、非常に残念に思います。ゲームは完敗ですね。でも、１つだけ言っておかなきゃならないのは、選手は怠けてダメだったとか、サボってダメだったとかいうことはないです。テンポが合わないというか、自分たちがやろうとすることに対してうまく外された感じがしますね。そのときに私がその対策を授けてやれれば良かったですけど、それができませんでした。まだまだ次のゲームが来ますので、しっかり準備していきたいと思います。

－－後半の２枚代えは失点の直後でしたが、失点を受けてのものか、それ以前の内容を見ての判断だったか。
両方ですね。

－－次節に向けて取り組むことは。
別に変わらないです。もう一度、自分たちがやっていることを認識するということですね。それでいいと思います。","[ ナチョ フェルナンデス監督 ]
琉球のファン・サポーターにふがいない試合を謝りたい。飛行機で長い移動をして試合を観に来てくれたのに、それに応えられずに申し訳ない。敗戦の責任を感じています。試合が続くので体力を回復して、より良い状態で次の試合に臨みたい。

－－前半、右サイドの２枚を代えた理由は？
クロスをより上げるために交代をした。それでチャンスを作れた。同点のチャンスや逆転のチャンスもあったかもしれない。しかし、決め切れずに前半と同じミスを繰り返してこのような結果になった。","[ ナチョ フェルナンデス監督 ]
試合をやる前から難しい相手、非常に手ごわい相手というのは分かっていました。その中で準備してきましたが、小さなミスが大きな代償を払うことが分かっていたにもかかわらず、１失点目もそうですし、立て続けに自分たちのミスから２失点してしまったことは非常に良くない前半でした。後半の最初から交代で流れを取り戻すことができて、同点に追いつくことができた。そして、そこから３点目を奪うことができて勝てたことは非常に満足しています。

選手たちのハードワークもうれしく感じています。ただ、その反面、決して許しがたいミスをしているという、両方の感情があります。（サダム）スレイに関しても、勝利を決定づけるゴールは本当に素晴らしいですが、ユニフォームを脱いで（２枚目の警告で）レッドカードを受けて、10人の戦いを強いられてしまった。そして、（出場停止で）次週も失ってしまうということに関しては、明らかなミスというか自分たちで招いてしまったことなので、それも反省材料として悔しさが残る部分です。

ただ同時に、５失点した甲府戦のあとで選手たちは難しいシチュエーションの中でも１週間、ハードにトレーニングしてくれました。その対価として今日の勝利をつかんだことは非常にうれしいんですが、先ほども言ったように、許しがたい同じミスを続けてしまっている。２週間前に感じていたような、守備の部分で精度の高いチームという感触に早く戻さなければいけないという反省点も感じています。","[ ピーター クラモフスキー監督 ]
まずパフォーマンスの部分ですが、勝ちに値した戦い方ができていたと思います。前半に関しては少し残念な戦い方になってしまったかもしれませんが、後半に入ってから自分たちのパフォーマンスをさらに出すことができていたと思いますし、力強く自分たちのフットボールをしっかりと出して戦えていたと思います。その中で選手たちがひっくり返そうとよく戦ってくれましたが、残念なのは自分たちが勝ちに値するプレーはできていたけれど、勝点１だけを持って帰らなければいけないということです。

後半終盤にかけても自分たちのフットボールをしっかりと出しながら試合を運べていたと思います。今日の試合は１チームは勝とうとしていましたが、もう１チームはなんとか耐えようとしていたと思います。終盤になってきて相手は非常にエネルギーが消耗していたと思います。その中で自分たちは良いチャンス、良い場面も作れていました。けれども勝点３を取れなかったことは残念に思っております。","[ ナチョ フェルナンデス監督 ]
（水戸が）強い相手だということは分かっていました。それで０－０は妥当な結果だと思います。水戸は難しい相手で、（第31節・）東京Ｖ戦が台風のために延期になっていますが、プレーオフを争っているチームです。その相手から勝点３を取るために来ましたが、勝点１でも満足していますし、負けなかったことを評価したいと思っています。次のホームでの秋田戦にしっかり備えたいと思います。","[ 吉田 謙監督 ]
秋田の皆さま、いつも選手・クラブを支えていただき本当にありがとうございます。そして台風の中、チームが勝つために一体となって戦ってくれたサポーターの皆さま。感謝しかございません。筋金入りの徹底でチームが１つになって戦う。徹底するということは、１つにならなければ絶対できないこと。チームは勝つためにプレーしています。秋田らしさを、これからも全員で同じ道を走っていきたいと思います。

－－対琉球で意識していたことは。
琉球さんの良さである強度ある守備。そしてゴール前での得点力。それは台風という気候であっても変わることはないだろうと。その２つのポイントを選手全員で抑えるということ。それをひたむきに90分間やり通してくれたと思います。","[ ナチョ フェルナンデス監督 ]
失点するまでのゲームは悪くなかったし、狙いどおりのゲーム展開ができていたと思う。ただ１失点目、２失点目にしても、自分たちのミスからだった。相手のペナルティーエリアの近くに進入し始めていた時間帯を無駄にしてしまった失点だった。これはシーズン通して、琉球が改善し切れていない課題。それを上位に対してやってしまったら、こういう結果になるのかなと感じています。"
